#SubSurfThickness[m], 2
#Number_of_Soil_Types,4
Soil#,0,1,2,3
Alpha,17500000000,17500000000,17500000000,17500000000
Beta,16.95,16.95,16.95,16.95
Theta_0,.5,.6,.5,.6
Theta_R,0.31,0.3,0.32,0.34
MualemsN,3.17,3.17,3.17,3.17
K0_v[cm/s],.03,.02,.03,.02
K0_s[cm/s],1.2,1.1,1.1,1
#Number_of_Auifer_Types,4
Aquifer#,0,1,2,3
K0[cm/s],0.019,0.015,0.017,0.017
Sto_coef,.05,.05,.05,.05
RivBedK0[cm/s],0.0012,0.001,0.001,0.001
rivbedThickness[m],1,1,1,1
#Number_of_Elements, 16
ElementID#,1,2,3,4,5,6,7,8,9,10,11,12,13,14,15,16
DestID#,16,7,6,16,6,14,6,16,16,1,15,14,14,-1,16,6
Type#,1,0,0,0,0,1,1,0,0,0,0,0,0,1,1,1
Name,_,_,_,_,_,_,_,_,_,_,_,_,_,_,_,_
Area[km2],29.013745,331.795631,135.118085,72.461936,133.503451,67.634537,63.298584,39.134909,152.658656,312.288047,374.081083,252.066725,151.225368,141.211783,21.533265,59.202728
Ele[m],211.197825,389.185527,108.170204,207.282580,55.366846,37.393860,222.391700,134.012062,433.129014,265.325302,1269.977612,28.269243,24.692576,14.356944,943.318135,153.199772
FracImp,0.000000,0.000000,0.000000,0.000000,0.000000,0.000000,0.000000,0.000000,0.000000,0.000000,0.000000,0.000000,0.000000,0.000000,0.000000,0.000000
DepImp[mm],2.000000,2.000000,2.000000,2.000000,2.000000,2.000000,2.000000,2.000000,2.000000,2.000000,2.000000,2.000000,2.000000,2.000000,2.000000,2.000000
DepPer[mm],7.000000,7.000000,7.000000,7.000000,7.000000,7.000000,7.000000,7.000000,7.000000,7.000000,7.000000,7.000000,7.000000,7.000000,7.000000,7.000000
SurfSlope,0.198717,0.241103,0.129821,0.240605,0.081132,0.067120,0.205019,0.176524,0.284645,0.205843,0.245928,0.048550,0.039452,0.029968,0.214935,0.183452
Manning's N,0.050000,0.050000,0.050000,0.050000,0.050000,0.050000,0.050000,0.050000,0.050000,0.050000,0.050000,0.050000,0.050000,0.050000,0.050000,0.050000
Manning's N Sf,0.030000,0.030000,0.030000,0.030000,0.030000,0.030000,0.030000,0.030000,0.030000,0.030000,0.030000,0.030000,0.030000,0.030000,0.030000,0.030000
Soil#,0,3,2,3,2,0,0,3,3,3,3,1,1,0,0,0
Aquifer#,0,3,2,3,2,0,0,3,3,3,3,1,1,0,0,0
AqfTop[m],209.197825,387.185527,106.170204,205.282580,53.366846,35.393860,220.391700,132.012062,431.129014,263.325302,1267.977612,26.269243,22.692576,12.356944,941.318135,151.199772
AqfBot[m],204.197825,382.185527,101.170204,200.282580,48.366846,30.393860,215.391700,127.012062,426.129014,258.325302,1262.977612,21.269243,17.692576,7.356944,936.318135,146.199772
InitH[m],209.197825,387.185527,106.170204,205.282580,53.366846,35.393860,220.391700,132.012062,431.129014,263.325302,1267.977612,26.269243,22.692576,12.356944,941.318135,151.199772
rivbedEle[m],0.000000,0.000000,0.000000,0.000000,0.000000,0.000000,0.000000,0.000000,0.000000,0.000000,0.000000,0.000000,0.000000,0.000000,0.000000,0.000000
rivLength[km],0.000,0.000,0.000,0.000,0.000,0.000,0.000,0.000,0.000,0.000,0.000,0.000,0.000,0.000,0.000,0.000
rivWid[m],0.000,0.000,0.000,0.000,0.000,0.000,0.000,0.000,0.000,0.000,0.000,0.000,0.000,0.000,0.000,0.000
gwSlope,0.019872,0.024110,0.012982,0.024060,0.008113,0.006712,0.020502,0.017652,0.028465,0.020584,0.024593,0.004855,0.003945,0.002997,0.021494,0.018345
ContactL[km],0.760,292.611,80.368,51.093,76.697,0.726,0.600,31.110,143.538,204.347,174.762,195.396,67.074,1.000,1.500,0.500
#Delta_T[sec],3600
#RiverModel,174
#RivID,69,#DestRiv,68,#ofNodes,6,#MannN,0.03,#GL-Bed,5,#Analysis,0,#print,0
#Node,#width[m],#widMCha[m],#depMCha[m],#LB[gl+m],#RB[gl+m],#Len[m],#Slope,#block,#LBPond,#RBPond
0,50.000,10.000,5.000,0.000000,0.000000,1175.583,0.018061,1,-1,-1
1,50.000,10.000,5.000,0.000000,0.000000,1175.583,-0.032523,1,-1,-1
2,50.000,10.000,5.000,0.000000,0.000000,1175.583,-0.024268,1,-1,-1
3,50.000,10.000,5.000,0.000000,0.000000,1175.583,0.030606,1,-1,-1
4,50.000,10.000,5.000,0.000000,0.000000,1175.583,0.028994,1,-1,-1
5,50.000,10.000,5.000,0.000000,0.000000,,,,,
#RivID,74,#DestRiv,73,#ofNodes,6,#MannN,0.03,#GL-Bed,5,#Analysis,0,#print,0
#Node,#width[m],#widMCha[m],#depMCha[m],#LB[gl+m],#RB[gl+m],#Len[m],#Slope,#block,#LBPond,#RBPond
0,50.000,10.000,5.000,0.000000,0.000000,1168.904,0.133118,1,-1,-1
1,50.000,10.000,5.000,0.000000,0.000000,1168.904,-0.042386,1,-1,-1
2,50.000,10.000,5.000,0.000000,0.000000,1168.904,-0.054391,1,-1,-1
3,50.000,10.000,5.000,0.000000,0.000000,1168.904,0.049094,1,-1,-1
4,50.000,10.000,5.000,0.000000,0.000000,1168.904,0.085216,1,-1,-1
5,50.000,10.000,5.000,0.000000,0.000000,,,,,
#RivID,71,#DestRiv,70,#ofNodes,6,#MannN,0.03,#GL-Bed,5,#Analysis,0,#print,0
#Node,#width[m],#widMCha[m],#depMCha[m],#LB[gl+m],#RB[gl+m],#Len[m],#Slope,#block,#LBPond,#RBPond
0,50.000,10.000,5.000,0.000000,0.000000,1071.473,0.060960,1,-1,-1
1,50.000,10.000,5.000,0.000000,0.000000,1071.473,0.004691,1,-1,-1
2,50.000,10.000,5.000,0.000000,0.000000,1071.473,0.008133,1,-1,-1
3,50.000,10.000,5.000,0.000000,0.000000,1071.473,-0.052220,1,-1,-1
4,50.000,10.000,5.000,0.000000,0.000000,1071.473,-0.016767,1,-1,-1
5,50.000,10.000,5.000,0.000000,0.000000,,,,,
#RivID,73,#DestRiv,72,#ofNodes,2,#MannN,0.03,#GL-Bed,5,#Analysis,0,#print,0
#Node,#width[m],#widMCha[m],#depMCha[m],#LB[gl+m],#RB[gl+m],#Len[m],#Slope,#block,#LBPond,#RBPond
0,50.000,10.000,5.000,0.000000,0.000000,1359.369,-0.018486,1,-1,-1
1,50.000,10.000,5.000,0.000000,0.000000,,,,,
#RivID,72,#DestRiv,70,#ofNodes,2,#MannN,0.03,#GL-Bed,5,#Analysis,0,#print,0
#Node,#width[m],#widMCha[m],#depMCha[m],#LB[gl+m],#RB[gl+m],#Len[m],#Slope,#block,#LBPond,#RBPond
0,50.000,10.000,5.000,0.000000,0.000000,1155.875,-0.025000,1,-1,-1
1,50.000,10.000,5.000,0.000000,0.000000,,,,,
#RivID,75,#DestRiv,72,#ofNodes,8,#MannN,0.03,#GL-Bed,5,#Analysis,0,#print,0
#Node,#width[m],#widMCha[m],#depMCha[m],#LB[gl+m],#RB[gl+m],#Len[m],#Slope,#block,#LBPond,#RBPond
0,50.000,10.000,5.000,0.000000,0.000000,1036.700,-0.023707,1,-1,-1
1,50.000,10.000,5.000,0.000000,0.000000,1036.700,0.075575,1,-1,-1
2,50.000,10.000,5.000,0.000000,0.000000,1036.700,0.059239,1,-1,-1
3,50.000,10.000,5.000,0.000000,0.000000,1036.700,-0.063456,1,-1,-1
4,50.000,10.000,5.000,0.000000,0.000000,1036.700,0.016479,1,-1,-1
5,50.000,10.000,5.000,0.000000,0.000000,1036.700,0.046333,1,-1,-1
6,50.000,10.000,5.000,0.000000,0.000000,1036.700,0.039221,1,-1,-1
7,50.000,10.000,5.000,0.000000,0.000000,,,,,
#RivID,68,#DestRiv,67,#ofNodes,8,#MannN,0.03,#GL-Bed,5,#Analysis,0,#print,0
#Node,#width[m],#widMCha[m],#depMCha[m],#LB[gl+m],#RB[gl+m],#Len[m],#Slope,#block,#LBPond,#RBPond
0,50.000,10.000,5.000,0.000000,0.000000,1017.372,0.022988,1,-1,-1
1,50.000,10.000,5.000,0.000000,0.000000,1017.372,0.012539,1,-1,-1
2,50.000,10.000,5.000,0.000000,0.000000,1017.372,0.072400,1,-1,-1
3,50.000,10.000,5.000,0.000000,0.000000,1017.372,-0.024851,1,-1,-1
4,50.000,10.000,5.000,0.000000,0.000000,1017.372,0.009372,1,-1,-1
5,50.000,10.000,5.000,0.000000,0.000000,1017.372,0.052386,1,-1,-1
6,50.000,10.000,5.000,0.000000,0.000000,1017.372,-0.053506,1,-1,-1
7,50.000,10.000,5.000,0.000000,0.000000,,,,,
#RivID,78,#DestRiv,67,#ofNodes,4,#MannN,0.03,#GL-Bed,5,#Analysis,0,#print,0
#Node,#width[m],#widMCha[m],#depMCha[m],#LB[gl+m],#RB[gl+m],#Len[m],#Slope,#block,#LBPond,#RBPond
0,50.000,10.000,5.000,0.000000,0.000000,1322.298,0.058411,1,-1,-1
1,50.000,10.000,5.000,0.000000,0.000000,1322.298,0.072434,1,-1,-1
2,50.000,10.000,5.000,0.000000,0.000000,1322.298,-0.019318,1,-1,-1
3,50.000,10.000,5.000,0.000000,0.000000,,,,,
#RivID,67,#DestRiv,66,#ofNodes,2,#MannN,0.03,#GL-Bed,5,#Analysis,0,#print,0
#Node,#width[m],#widMCha[m],#depMCha[m],#LB[gl+m],#RB[gl+m],#Len[m],#Slope,#block,#LBPond,#RBPond
0,50.000,10.000,5.000,0.000000,0.000000,1430.595,-0.000806,1,-1,-1
1,50.000,10.000,5.000,0.000000,0.000000,,,,,
#RivID,76,#DestRiv,75,#ofNodes,3,#MannN,0.03,#GL-Bed,5,#Analysis,0,#print,0
#Node,#width[m],#widMCha[m],#depMCha[m],#LB[gl+m],#RB[gl+m],#Len[m],#Slope,#block,#LBPond,#RBPond
0,50.000,10.000,5.000,0.000000,0.000000,1169.682,0.326373,1,-1,-1
1,50.000,10.000,5.000,0.000000,0.000000,1169.682,-0.024837,1,-1,-1
2,50.000,10.000,5.000,0.000000,0.000000,,,,,
#RivID,77,#DestRiv,75,#ofNodes,6,#MannN,0.03,#GL-Bed,5,#Analysis,0,#print,0
#Node,#width[m],#widMCha[m],#depMCha[m],#LB[gl+m],#RB[gl+m],#Len[m],#Slope,#block,#LBPond,#RBPond
0,50.000,10.000,5.000,0.000000,0.000000,1087.464,-0.058903,1,-1,-1
1,50.000,10.000,5.000,0.000000,0.000000,1087.464,0.164636,1,-1,-1
2,50.000,10.000,5.000,0.000000,0.000000,1087.464,0.329064,1,-1,-1
3,50.000,10.000,5.000,0.000000,0.000000,1087.464,0.097767,1,-1,-1
4,50.000,10.000,5.000,0.000000,0.000000,1087.464,0.165621,1,-1,-1
5,50.000,10.000,5.000,0.000000,0.000000,,,,,
#RivID,66,#DestRiv,65,#ofNodes,2,#MannN,0.03,#GL-Bed,5,#Analysis,0,#print,0
#Node,#width[m],#widMCha[m],#depMCha[m],#LB[gl+m],#RB[gl+m],#Len[m],#Slope,#block,#LBPond,#RBPond
0,50.000,10.000,5.000,0.000000,0.000000,619.574,-0.005321,1,-1,-1
1,50.000,10.000,5.000,0.000000,0.000000,,,,,
#RivID,80,#DestRiv,65,#ofNodes,5,#MannN,0.03,#GL-Bed,5,#Analysis,0,#print,0
#Node,#width[m],#widMCha[m],#depMCha[m],#LB[gl+m],#RB[gl+m],#Len[m],#Slope,#block,#LBPond,#RBPond
0,50.000,10.000,5.000,0.000000,0.000000,1163.687,0.088708,1,-1,-1
1,50.000,10.000,5.000,0.000000,0.000000,1163.687,0.005307,1,-1,-1
2,50.000,10.000,5.000,0.000000,0.000000,1163.687,-0.001741,1,-1,-1
3,50.000,10.000,5.000,0.000000,0.000000,1163.687,0.012381,1,-1,-1
4,50.000,10.000,5.000,0.000000,0.000000,,,,,
#RivID,82,#DestRiv,81,#ofNodes,5,#MannN,0.03,#GL-Bed,5,#Analysis,0,#print,0
#Node,#width[m],#widMCha[m],#depMCha[m],#LB[gl+m],#RB[gl+m],#Len[m],#Slope,#block,#LBPond,#RBPond
0,50.000,10.000,5.000,0.000000,0.000000,1190.050,0.096942,1,-1,-1
1,50.000,10.000,5.000,0.000000,0.000000,1190.050,0.028171,1,-1,-1
2,50.000,10.000,5.000,0.000000,0.000000,1190.050,-0.042700,1,-1,-1
3,50.000,10.000,5.000,0.000000,0.000000,1190.050,-0.012704,1,-1,-1
4,50.000,10.000,5.000,0.000000,0.000000,,,,,
#RivID,83,#DestRiv,81,#ofNodes,6,#MannN,0.03,#GL-Bed,5,#Analysis,0,#print,0
#Node,#width[m],#widMCha[m],#depMCha[m],#LB[gl+m],#RB[gl+m],#Len[m],#Slope,#block,#LBPond,#RBPond
0,50.000,10.000,5.000,0.000000,0.000000,1164.396,-0.017016,1,-1,-1
1,50.000,10.000,5.000,0.000000,0.000000,1164.396,0.015938,1,-1,-1
2,50.000,10.000,5.000,0.000000,0.000000,1164.396,-0.009621,1,-1,-1
3,50.000,10.000,5.000,0.000000,0.000000,1164.396,0.168002,1,-1,-1
4,50.000,10.000,5.000,0.000000,0.000000,1164.396,-0.073436,1,-1,-1
5,50.000,10.000,5.000,0.000000,0.000000,,,,,
#RivID,79,#DestRiv,66,#ofNodes,7,#MannN,0.03,#GL-Bed,5,#Analysis,0,#print,0
#Node,#width[m],#widMCha[m],#depMCha[m],#LB[gl+m],#RB[gl+m],#Len[m],#Slope,#block,#LBPond,#RBPond
0,50.000,10.000,5.000,0.000000,0.000000,1029.081,0.006420,1,-1,-1
1,50.000,10.000,5.000,0.000000,0.000000,1029.081,0.015065,1,-1,-1
2,50.000,10.000,5.000,0.000000,0.000000,1029.081,-0.007231,1,-1,-1
3,50.000,10.000,5.000,0.000000,0.000000,1029.081,0.083344,1,-1,-1
4,50.000,10.000,5.000,0.000000,0.000000,1029.081,0.037864,1,-1,-1
5,50.000,10.000,5.000,0.000000,0.000000,1029.081,-0.007839,1,-1,-1
6,50.000,10.000,5.000,0.000000,0.000000,,,,,
#RivID,84,#DestRiv,83,#ofNodes,8,#MannN,0.03,#GL-Bed,5,#Analysis,0,#print,0
#Node,#width[m],#widMCha[m],#depMCha[m],#LB[gl+m],#RB[gl+m],#Len[m],#Slope,#block,#LBPond,#RBPond
0,50.000,10.000,5.000,0.000000,0.000000,1115.261,0.010569,1,-1,-1
1,50.000,10.000,5.000,0.000000,0.000000,1115.261,0.110225,1,-1,-1
2,50.000,10.000,5.000,0.000000,0.000000,1115.261,0.186064,1,-1,-1
3,50.000,10.000,5.000,0.000000,0.000000,1115.261,0.055777,1,-1,-1
4,50.000,10.000,5.000,0.000000,0.000000,1115.261,0.135033,1,-1,-1
5,50.000,10.000,5.000,0.000000,0.000000,1115.261,0.229085,1,-1,-1
6,50.000,10.000,5.000,0.000000,0.000000,1115.261,0.155830,1,-1,-1
7,50.000,10.000,5.000,0.000000,0.000000,,,,,
#RivID,85,#DestRiv,83,#ofNodes,3,#MannN,0.03,#GL-Bed,5,#Analysis,0,#print,0
#Node,#width[m],#widMCha[m],#depMCha[m],#LB[gl+m],#RB[gl+m],#Len[m],#Slope,#block,#LBPond,#RBPond
0,50.000,10.000,5.000,0.000000,0.000000,1331.124,0.027324,1,-1,-1
1,50.000,10.000,5.000,0.000000,0.000000,1331.124,0.311214,1,-1,-1
2,50.000,10.000,5.000,0.000000,0.000000,,,,,
#RivID,96,#DestRiv,95,#ofNodes,2,#MannN,0.03,#GL-Bed,5,#Analysis,0,#print,0
#Node,#width[m],#widMCha[m],#depMCha[m],#LB[gl+m],#RB[gl+m],#Len[m],#Slope,#block,#LBPond,#RBPond
0,50.000,10.000,5.000,0.000000,0.000000,886.289,0.040131,16,-1,-1
1,50.000,10.000,5.000,0.000000,0.000000,,,,,
#RivID,65,#DestRiv,64,#ofNodes,5,#MannN,0.03,#GL-Bed,5,#Analysis,0,#print,0
#Node,#width[m],#widMCha[m],#depMCha[m],#LB[gl+m],#RB[gl+m],#Len[m],#Slope,#block,#LBPond,#RBPond
0,50.000,10.000,5.000,0.000000,0.000000,1000.786,0.004294,1,-1,-1
1,50.000,10.000,5.000,0.000000,0.000000,1000.786,0.029011,1,-1,-1
2,50.000,10.000,5.000,0.000000,0.000000,1000.786,-0.025184,1,-1,-1
3,50.000,10.000,5.000,0.000000,0.000000,1000.786,0.001509,1,-1,-1
4,50.000,10.000,5.000,0.000000,0.000000,,,,,
#RivID,97,#DestRiv,96,#ofNodes,4,#MannN,0.03,#GL-Bed,5,#Analysis,0,#print,0
#Node,#width[m],#widMCha[m],#depMCha[m],#LB[gl+m],#RB[gl+m],#Len[m],#Slope,#block,#LBPond,#RBPond
0,50.000,10.000,5.000,0.000000,0.000000,1285.665,0.065852,16,-1,-1
1,50.000,10.000,5.000,0.000000,0.000000,1285.665,0.203522,16,-1,-1
2,50.000,10.000,5.000,0.000000,0.000000,1285.665,0.157920,16,-1,-1
3,50.000,10.000,5.000,0.000000,0.000000,,,,,
#RivID,81,#DestRiv,64,#ofNodes,10,#MannN,0.03,#GL-Bed,5,#Analysis,0,#print,0
#Node,#width[m],#widMCha[m],#depMCha[m],#LB[gl+m],#RB[gl+m],#Len[m],#Slope,#block,#LBPond,#RBPond
0,50.000,10.000,5.000,0.000000,0.000000,1046.256,0.000308,1,-1,-1
1,50.000,10.000,5.000,0.000000,0.000000,1046.256,0.006936,1,-1,-1
2,50.000,10.000,5.000,0.000000,0.000000,1046.256,-0.006565,1,-1,-1
3,50.000,10.000,5.000,0.000000,0.000000,1046.256,0.008700,1,-1,-1
4,50.000,10.000,5.000,0.000000,0.000000,1046.256,0.001844,1,-1,-1
5,50.000,10.000,5.000,0.000000,0.000000,1046.256,0.029474,1,-1,-1
6,50.000,10.000,5.000,0.000000,0.000000,1046.256,-0.025327,1,-1,-1
7,50.000,10.000,5.000,0.000000,0.000000,1046.256,0.026430,1,-1,-1
8,50.000,10.000,5.000,0.000000,0.000000,1046.256,0.007941,1,-1,-1
9,50.000,10.000,5.000,0.000000,0.000000,,,,,
#RivID,64,#DestRiv,63,#ofNodes,3,#MannN,0.03,#GL-Bed,5,#Analysis,0,#print,0
#Node,#width[m],#widMCha[m],#depMCha[m],#LB[gl+m],#RB[gl+m],#Len[m],#Slope,#block,#LBPond,#RBPond
0,50.000,10.000,5.000,0.000000,0.000000,1128.800,0.000266,16,-1,-1
1,50.000,10.000,5.000,0.000000,0.000000,1128.800,-0.002563,1,-1,-1
2,50.000,10.000,5.000,0.000000,0.000000,,,,,
#RivID,99,#DestRiv,95,#ofNodes,3,#MannN,0.03,#GL-Bed,5,#Analysis,0,#print,0
#Node,#width[m],#widMCha[m],#depMCha[m],#LB[gl+m],#RB[gl+m],#Len[m],#Slope,#block,#LBPond,#RBPond
0,50.000,10.000,5.000,0.000000,0.000000,1410.267,0.157432,16,-1,-1
1,50.000,10.000,5.000,0.000000,0.000000,1410.267,0.210417,16,-1,-1
2,50.000,10.000,5.000,0.000000,0.000000,,,,,
#RivID,63,#DestRiv,62,#ofNodes,2,#MannN,0.03,#GL-Bed,5,#Analysis,0,#print,0
#Node,#width[m],#widMCha[m],#depMCha[m],#LB[gl+m],#RB[gl+m],#Len[m],#Slope,#block,#LBPond,#RBPond
0,50.000,10.000,5.000,0.000000,0.000000,1233.476,-0.006199,16,-1,-1
1,50.000,10.000,5.000,0.000000,0.000000,,,,,
#RivID,86,#DestRiv,62,#ofNodes,6,#MannN,0.03,#GL-Bed,5,#Analysis,0,#print,0
#Node,#width[m],#widMCha[m],#depMCha[m],#LB[gl+m],#RB[gl+m],#Len[m],#Slope,#block,#LBPond,#RBPond
0,50.000,10.000,5.000,0.000000,0.000000,1085.960,0.012199,16,-1,-1
1,50.000,10.000,5.000,0.000000,0.000000,1085.960,-0.004393,16,-1,-1
2,50.000,10.000,5.000,0.000000,0.000000,1085.960,-0.010938,16,-1,-1
3,50.000,10.000,5.000,0.000000,0.000000,1085.960,0.048225,16,-1,-1
4,50.000,10.000,5.000,0.000000,0.000000,1085.960,0.100839,16,-1,-1
5,50.000,10.000,5.000,0.000000,0.000000,,,,,
#RivID,98,#DestRiv,96,#ofNodes,5,#MannN,0.03,#GL-Bed,5,#Analysis,0,#print,0
#Node,#width[m],#widMCha[m],#depMCha[m],#LB[gl+m],#RB[gl+m],#Len[m],#Slope,#block,#LBPond,#RBPond
0,50.000,10.000,5.000,0.000000,0.000000,1101.335,0.068209,16,-1,-1
1,50.000,10.000,5.000,0.000000,0.000000,1101.335,0.086017,16,-1,-1
2,50.000,10.000,5.000,0.000000,0.000000,1101.335,0.045944,16,-1,-1
3,50.000,10.000,5.000,0.000000,0.000000,1101.335,0.149398,16,-1,-1
4,50.000,10.000,5.000,0.000000,0.000000,,,,,
#RivID,62,#DestRiv,61,#ofNodes,2,#MannN,0.03,#GL-Bed,5,#Analysis,0,#print,0
#Node,#width[m],#widMCha[m],#depMCha[m],#LB[gl+m],#RB[gl+m],#Len[m],#Slope,#block,#LBPond,#RBPond
0,50.000,10.000,5.000,0.000000,0.000000,412.135,0.019284,16,-1,-1
1,50.000,10.000,5.000,0.000000,0.000000,,,,,
#RivID,61,#DestRiv,60,#ofNodes,2,#MannN,0.03,#GL-Bed,5,#Analysis,0,#print,0
#Node,#width[m],#widMCha[m],#depMCha[m],#LB[gl+m],#RB[gl+m],#Len[m],#Slope,#block,#LBPond,#RBPond
0,50.000,10.000,5.000,0.000000,0.000000,535.143,-0.017243,16,-1,-1
1,50.000,10.000,5.000,0.000000,0.000000,,,,,
#RivID,123,#DestRiv,60,#ofNodes,4,#MannN,0.03,#GL-Bed,5,#Analysis,0,#print,0
#Node,#width[m],#widMCha[m],#depMCha[m],#LB[gl+m],#RB[gl+m],#Len[m],#Slope,#block,#LBPond,#RBPond
0,50.000,10.000,5.000,0.000000,0.000000,1179.437,0.077177,16,-1,-1
1,50.000,10.000,5.000,0.000000,0.000000,1179.437,-0.039822,16,-1,-1
2,50.000,10.000,5.000,0.000000,0.000000,1179.437,0.087058,16,-1,-1
3,50.000,10.000,5.000,0.000000,0.000000,,,,,
#RivID,95,#DestRiv,94,#ofNodes,16,#MannN,0.03,#GL-Bed,5,#Analysis,0,#print,0
#Node,#width[m],#widMCha[m],#depMCha[m],#LB[gl+m],#RB[gl+m],#Len[m],#Slope,#block,#LBPond,#RBPond
0,50.000,10.000,5.000,0.000000,0.000000,1011.001,-0.000268,16,-1,-1
1,50.000,10.000,5.000,0.000000,0.000000,1011.001,0.012806,16,-1,-1
2,50.000,10.000,5.000,0.000000,0.000000,1011.001,0.019290,16,-1,-1
3,50.000,10.000,5.000,0.000000,0.000000,1011.001,-0.018028,16,-1,-1
4,50.000,10.000,5.000,0.000000,0.000000,1011.001,0.104498,16,-1,-1
5,50.000,10.000,5.000,0.000000,0.000000,1011.001,-0.095167,16,-1,-1
6,50.000,10.000,5.000,0.000000,0.000000,1011.001,-0.009409,16,-1,-1
7,50.000,10.000,5.000,0.000000,0.000000,1011.001,0.092774,16,-1,-1
8,50.000,10.000,5.000,0.000000,0.000000,1011.001,0.072560,16,-1,-1
9,50.000,10.000,5.000,0.000000,0.000000,1011.001,0.041039,16,-1,-1
10,50.000,10.000,5.000,0.000000,0.000000,1011.001,0.030990,16,-1,-1
11,50.000,10.000,5.000,0.000000,0.000000,1011.001,0.028534,16,-1,-1
12,50.000,10.000,5.000,0.000000,0.000000,1011.001,0.080554,16,-1,-1
13,50.000,10.000,5.000,0.000000,0.000000,1011.001,0.073121,16,-1,-1
14,50.000,10.000,5.000,0.000000,0.000000,1011.001,0.022499,16,-1,-1
15,50.000,10.000,5.000,0.000000,0.000000,,,,,
#RivID,100,#DestRiv,94,#ofNodes,3,#MannN,0.03,#GL-Bed,5,#Analysis,0,#print,0
#Node,#width[m],#widMCha[m],#depMCha[m],#LB[gl+m],#RB[gl+m],#Len[m],#Slope,#block,#LBPond,#RBPond
0,50.000,10.000,5.000,0.000000,0.000000,1089.655,0.000568,16,-1,-1
1,50.000,10.000,5.000,0.000000,0.000000,1089.655,0.072852,16,-1,-1
2,50.000,10.000,5.000,0.000000,0.000000,,,,,
#RivID,94,#DestRiv,93,#ofNodes,2,#MannN,0.03,#GL-Bed,5,#Analysis,0,#print,0
#Node,#width[m],#widMCha[m],#depMCha[m],#LB[gl+m],#RB[gl+m],#Len[m],#Slope,#block,#LBPond,#RBPond
0,50.000,10.000,5.000,0.000000,0.000000,629.411,-0.000229,16,-1,-1
1,50.000,10.000,5.000,0.000000,0.000000,,,,,
#RivID,101,#DestRiv,93,#ofNodes,6,#MannN,0.03,#GL-Bed,5,#Analysis,0,#print,0
#Node,#width[m],#widMCha[m],#depMCha[m],#LB[gl+m],#RB[gl+m],#Len[m],#Slope,#block,#LBPond,#RBPond
0,50.000,10.000,5.000,0.000000,0.000000,1076.900,0.072752,16,-1,-1
1,50.000,10.000,5.000,0.000000,0.000000,1076.900,-0.035861,16,-1,-1
2,50.000,10.000,5.000,0.000000,0.000000,1076.900,-0.000593,16,-1,-1
3,50.000,10.000,5.000,0.000000,0.000000,1076.900,0.036959,16,-1,-1
4,50.000,10.000,5.000,0.000000,0.000000,1076.900,0.256215,16,-1,-1
5,50.000,10.000,5.000,0.000000,0.000000,,,,,
#RivID,93,#DestRiv,92,#ofNodes,3,#MannN,0.03,#GL-Bed,5,#Analysis,0,#print,0
#Node,#width[m],#widMCha[m],#depMCha[m],#LB[gl+m],#RB[gl+m],#Len[m],#Slope,#block,#LBPond,#RBPond
0,50.000,10.000,5.000,0.000000,0.000000,1131.959,0.012743,16,-1,-1
1,50.000,10.000,5.000,0.000000,0.000000,1131.959,0.003225,16,-1,-1
2,50.000,10.000,5.000,0.000000,0.000000,,,,,
#RivID,110,#DestRiv,109,#ofNodes,3,#MannN,0.03,#GL-Bed,5,#Analysis,0,#print,0
#Node,#width[m],#widMCha[m],#depMCha[m],#LB[gl+m],#RB[gl+m],#Len[m],#Slope,#block,#LBPond,#RBPond
0,50.000,10.000,5.000,0.000000,0.000000,1278.250,0.116302,16,-1,-1
1,50.000,10.000,5.000,0.000000,0.000000,1278.250,0.161361,16,-1,-1
2,50.000,10.000,5.000,0.000000,0.000000,,,,,
#RivID,111,#DestRiv,109,#ofNodes,7,#MannN,0.03,#GL-Bed,5,#Analysis,0,#print,0
#Node,#width[m],#widMCha[m],#depMCha[m],#LB[gl+m],#RB[gl+m],#Len[m],#Slope,#block,#LBPond,#RBPond
0,50.000,10.000,5.000,0.000000,0.000000,1150.037,-0.023906,16,-1,-1
1,50.000,10.000,5.000,0.000000,0.000000,1150.037,0.156982,16,-1,-1
2,50.000,10.000,5.000,0.000000,0.000000,1150.037,0.019051,16,-1,-1
3,50.000,10.000,5.000,0.000000,0.000000,1150.037,0.182487,16,-1,-1
4,50.000,10.000,5.000,0.000000,0.000000,1150.037,0.153930,16,-1,-1
5,50.000,10.000,5.000,0.000000,0.000000,1150.037,0.026020,16,-1,-1
6,50.000,10.000,5.000,0.000000,0.000000,,,,,
#RivID,59,#DestRiv,58,#ofNodes,4,#MannN,0.03,#GL-Bed,5,#Analysis,0,#print,0
#Node,#width[m],#widMCha[m],#depMCha[m],#LB[gl+m],#RB[gl+m],#Len[m],#Slope,#block,#LBPond,#RBPond
0,50.000,10.000,5.000,0.000000,0.000000,1157.964,-0.001972,16,-1,-1
1,50.000,10.000,5.000,0.000000,0.000000,1157.964,0.103154,16,-1,-1
2,50.000,10.000,5.000,0.000000,0.000000,1157.964,0.042462,16,-1,-1
3,50.000,10.000,5.000,0.000000,0.000000,,,,,
#RivID,88,#DestRiv,87,#ofNodes,2,#MannN,0.03,#GL-Bed,5,#Analysis,0,#print,0
#Node,#width[m],#widMCha[m],#depMCha[m],#LB[gl+m],#RB[gl+m],#Len[m],#Slope,#block,#LBPond,#RBPond
0,50.000,10.000,5.000,0.000000,0.000000,1132.669,0.046325,16,-1,-1
1,50.000,10.000,5.000,0.000000,0.000000,,,,,
#RivID,103,#DestRiv,102,#ofNodes,6,#MannN,0.03,#GL-Bed,5,#Analysis,0,#print,0
#Node,#width[m],#widMCha[m],#depMCha[m],#LB[gl+m],#RB[gl+m],#Len[m],#Slope,#block,#LBPond,#RBPond
0,50.000,10.000,5.000,0.000000,0.000000,1085.105,-0.037141,16,-1,-1
1,50.000,10.000,5.000,0.000000,0.000000,1085.105,0.015969,16,-1,-1
2,50.000,10.000,5.000,0.000000,0.000000,1085.105,0.019385,16,-1,-1
3,50.000,10.000,5.000,0.000000,0.000000,1085.105,0.122630,16,-1,-1
4,50.000,10.000,5.000,0.000000,0.000000,1085.105,-0.063712,16,-1,-1
5,50.000,10.000,5.000,0.000000,0.000000,,,,,
#RivID,106,#DestRiv,105,#ofNodes,5,#MannN,0.03,#GL-Bed,5,#Analysis,0,#print,0
#Node,#width[m],#widMCha[m],#depMCha[m],#LB[gl+m],#RB[gl+m],#Len[m],#Slope,#block,#LBPond,#RBPond
0,50.000,10.000,5.000,0.000000,0.000000,1026.073,0.010059,16,-1,-1
1,50.000,10.000,5.000,0.000000,0.000000,1026.073,0.121646,16,-1,-1
2,50.000,10.000,5.000,0.000000,0.000000,1026.073,0.312481,16,-1,-1
3,50.000,10.000,5.000,0.000000,0.000000,1026.073,0.038304,16,-1,-1
4,50.000,10.000,5.000,0.000000,0.000000,,,,,
#RivID,107,#DestRiv,105,#ofNodes,4,#MannN,0.03,#GL-Bed,5,#Analysis,0,#print,0
#Node,#width[m],#widMCha[m],#depMCha[m],#LB[gl+m],#RB[gl+m],#Len[m],#Slope,#block,#LBPond,#RBPond
0,50.000,10.000,5.000,0.000000,0.000000,1116.418,0.034789,16,-1,-1
1,50.000,10.000,5.000,0.000000,0.000000,1116.418,0.212343,16,-1,-1
2,50.000,10.000,5.000,0.000000,0.000000,1116.418,0.208281,16,-1,-1
3,50.000,10.000,5.000,0.000000,0.000000,,,,,
#RivID,105,#DestRiv,104,#ofNodes,2,#MannN,0.03,#GL-Bed,5,#Analysis,0,#print,0
#Node,#width[m],#widMCha[m],#depMCha[m],#LB[gl+m],#RB[gl+m],#Len[m],#Slope,#block,#LBPond,#RBPond
0,50.000,10.000,5.000,0.000000,0.000000,1043.775,0.056043,16,-1,-1
1,50.000,10.000,5.000,0.000000,0.000000,,,,,
#RivID,109,#DestRiv,108,#ofNodes,3,#MannN,0.03,#GL-Bed,5,#Analysis,0,#print,0
#Node,#width[m],#widMCha[m],#depMCha[m],#LB[gl+m],#RB[gl+m],#Len[m],#Slope,#block,#LBPond,#RBPond
0,50.000,10.000,5.000,0.000000,0.000000,1415.062,-0.018832,16,-1,-1
1,50.000,10.000,5.000,0.000000,0.000000,1415.062,0.050883,16,-1,-1
2,50.000,10.000,5.000,0.000000,0.000000,,,,,
#RivID,90,#DestRiv,89,#ofNodes,2,#MannN,0.03,#GL-Bed,5,#Analysis,0,#print,0
#Node,#width[m],#widMCha[m],#depMCha[m],#LB[gl+m],#RB[gl+m],#Len[m],#Slope,#block,#LBPond,#RBPond
0,50.000,10.000,5.000,0.000000,0.000000,1883.739,0.036903,16,-1,-1
1,50.000,10.000,5.000,0.000000,0.000000,,,,,
#RivID,89,#DestRiv,88,#ofNodes,4,#MannN,0.03,#GL-Bed,5,#Analysis,0,#print,0
#Node,#width[m],#widMCha[m],#depMCha[m],#LB[gl+m],#RB[gl+m],#Len[m],#Slope,#block,#LBPond,#RBPond
0,50.000,10.000,5.000,0.000000,0.000000,1284.347,-0.024552,16,-1,-1
1,50.000,10.000,5.000,0.000000,0.000000,1284.347,0.011656,16,-1,-1
2,50.000,10.000,5.000,0.000000,0.000000,1284.347,-0.010070,16,-1,-1
3,50.000,10.000,5.000,0.000000,0.000000,,,,,
#RivID,91,#DestRiv,89,#ofNodes,3,#MannN,0.03,#GL-Bed,5,#Analysis,0,#print,0
#Node,#width[m],#widMCha[m],#depMCha[m],#LB[gl+m],#RB[gl+m],#Len[m],#Slope,#block,#LBPond,#RBPond
0,50.000,10.000,5.000,0.000000,0.000000,1479.558,0.042890,16,-1,-1
1,50.000,10.000,5.000,0.000000,0.000000,1479.558,0.096105,16,-1,-1
2,50.000,10.000,5.000,0.000000,0.000000,,,,,
#RivID,57,#DestRiv,56,#ofNodes,8,#MannN,0.03,#GL-Bed,5,#Analysis,0,#print,0
#Node,#width[m],#widMCha[m],#depMCha[m],#LB[gl+m],#RB[gl+m],#Len[m],#Slope,#block,#LBPond,#RBPond
0,50.000,10.000,5.000,0.000000,0.000000,1030.917,0.000355,6,-1,-1
1,50.000,10.000,5.000,0.000000,0.000000,1030.917,0.006272,6,-1,-1
2,50.000,10.000,5.000,0.000000,0.000000,1030.917,-0.001206,6,-1,-1
3,50.000,10.000,5.000,0.000000,0.000000,1030.917,0.000082,6,-1,-1
4,50.000,10.000,5.000,0.000000,0.000000,1030.917,0.044149,6,-1,-1
5,50.000,10.000,5.000,0.000000,0.000000,1030.917,-0.021751,6,-1,-1
6,50.000,10.000,5.000,0.000000,0.000000,1030.917,0.065820,6,-1,-1
7,50.000,10.000,5.000,0.000000,0.000000,,,,,
#RivID,56,#DestRiv,55,#ofNodes,2,#MannN,0.03,#GL-Bed,5,#Analysis,0,#print,0
#Node,#width[m],#widMCha[m],#depMCha[m],#LB[gl+m],#RB[gl+m],#Len[m],#Slope,#block,#LBPond,#RBPond
0,100.000,30.000,5.000,0.000000,0.000000,952.567,-0.000829,6,-1,-1
1,100.000,30.000,5.000,0.000000,0.000000,,,,,
#RivID,52,#DestRiv,51,#ofNodes,10,#MannN,0.03,#GL-Bed,5,#Analysis,0,#print,0
#Node,#width[m],#widMCha[m],#depMCha[m],#LB[gl+m],#RB[gl+m],#Len[m],#Slope,#block,#LBPond,#RBPond
0,50.000,10.000,5.000,0.000000,0.000000,1053.743,0.020485,6,-1,-1
1,50.000,10.000,5.000,0.000000,0.000000,1053.743,-0.015472,6,-1,-1
2,50.000,10.000,5.000,0.000000,0.000000,1053.743,-0.003119,6,-1,-1
3,50.000,10.000,5.000,0.000000,0.000000,1053.743,0.005158,6,-1,-1
4,50.000,10.000,5.000,0.000000,0.000000,1053.743,0.005623,6,-1,-1
5,50.000,10.000,5.000,0.000000,0.000000,1053.743,-0.006943,6,-1,-1
6,50.000,10.000,5.000,0.000000,0.000000,1053.743,0.005229,6,-1,-1
7,50.000,10.000,5.000,0.000000,0.000000,1053.743,0.010971,5,-1,-1
8,50.000,10.000,5.000,0.000000,0.000000,1053.743,0.078138,5,-1,-1
9,50.000,10.000,5.000,0.000000,0.000000,,,,,
#RivID,55,#DestRiv,54,#ofNodes,2,#MannN,0.03,#GL-Bed,5,#Analysis,0,#print,1
#Node,#width[m],#widMCha[m],#depMCha[m],#LB[gl+m],#RB[gl+m],#Len[m],#Slope,#block,#LBPond,#RBPond
0,150.000,50.000,5.000,0.000000,0.000000,511.890,-0.013885,6,-1,-1
1,150.000,50.000,5.000,0.000000,0.000000,,,,,
#RivID,50,#DestRiv,49,#ofNodes,9,#MannN,0.03,#GL-Bed,5,#Analysis,0,#print,0
#Node,#width[m],#widMCha[m],#depMCha[m],#LB[gl+m],#RB[gl+m],#Len[m],#Slope,#block,#LBPond,#RBPond
0,50.000,10.000,5.000,0.000000,0.000000,1095.497,0.012262,6,-1,-1
1,50.000,10.000,5.000,0.000000,0.000000,1095.497,-0.012433,6,-1,-1
2,50.000,10.000,5.000,0.000000,0.000000,1095.497,-0.003633,6,-1,-1
3,50.000,10.000,5.000,0.000000,0.000000,1095.497,0.005751,6,-1,-1
4,50.000,10.000,5.000,0.000000,0.000000,1095.497,-0.000141,6,-1,-1
5,50.000,10.000,5.000,0.000000,0.000000,1095.497,0.004387,6,-1,-1
6,50.000,10.000,5.000,0.000000,0.000000,1095.497,-0.002619,6,-1,-1
7,50.000,10.000,5.000,0.000000,0.000000,1095.497,0.007250,6,-1,-1
8,50.000,10.000,5.000,0.000000,0.000000,,,,,
#RivID,112,#DestRiv,108,#ofNodes,4,#MannN,0.03,#GL-Bed,5,#Analysis,0,#print,0
#Node,#width[m],#widMCha[m],#depMCha[m],#LB[gl+m],#RB[gl+m],#Len[m],#Slope,#block,#LBPond,#RBPond
0,50.000,10.000,5.000,0.000000,0.000000,1079.446,0.042800,16,-1,-1
1,50.000,10.000,5.000,0.000000,0.000000,1079.446,0.052711,16,-1,-1
2,50.000,10.000,5.000,0.000000,0.000000,1079.446,0.346394,16,-1,-1
3,50.000,10.000,5.000,0.000000,0.000000,,,,,
#RivID,48,#DestRiv,47,#ofNodes,8,#MannN,0.03,#GL-Bed,5,#Analysis,0,#print,0
#Node,#width[m],#widMCha[m],#depMCha[m],#LB[gl+m],#RB[gl+m],#Len[m],#Slope,#block,#LBPond,#RBPond
0,50.000,10.000,5.000,0.000000,0.000000,1007.472,-0.006543,6,-1,-1
1,50.000,10.000,5.000,0.000000,0.000000,1007.472,0.005448,6,-1,-1
2,50.000,10.000,5.000,0.000000,0.000000,1007.472,0.004539,6,-1,-1
3,50.000,10.000,5.000,0.000000,0.000000,1007.472,0.000833,6,-1,-1
4,50.000,10.000,5.000,0.000000,0.000000,1007.472,-0.005317,6,-1,-1
5,50.000,10.000,5.000,0.000000,0.000000,1007.472,-0.002791,6,-1,-1
6,50.000,10.000,5.000,0.000000,0.000000,1007.472,0.001530,6,-1,-1
7,50.000,10.000,5.000,0.000000,0.000000,,,,,
#RivID,25,#DestRiv,24,#ofNodes,5,#MannN,0.03,#GL-Bed,5,#Analysis,0,#print,0
#Node,#width[m],#widMCha[m],#depMCha[m],#LB[gl+m],#RB[gl+m],#Len[m],#Slope,#block,#LBPond,#RBPond
0,50.000,10.000,5.000,0.000000,0.000000,1249.500,0.001131,14,-1,-1
1,50.000,10.000,5.000,0.000000,0.000000,1249.500,0.002007,14,-1,-1
2,50.000,10.000,5.000,0.000000,0.000000,1249.500,0.000706,14,-1,-1
3,50.000,10.000,5.000,0.000000,0.000000,1249.500,0.001812,14,-1,-1
4,50.000,10.000,5.000,0.000000,0.000000,,,,,
#RivID,26,#DestRiv,24,#ofNodes,8,#MannN,0.03,#GL-Bed,5,#Analysis,0,#print,0
#Node,#width[m],#widMCha[m],#depMCha[m],#LB[gl+m],#RB[gl+m],#Len[m],#Slope,#block,#LBPond,#RBPond
0,50.000,10.000,5.000,0.000000,0.000000,1008.224,0.011737,14,-1,-1
1,50.000,10.000,5.000,0.000000,0.000000,1008.224,0.007683,14,-1,-1
2,50.000,10.000,5.000,0.000000,0.000000,1008.224,-0.004399,14,-1,-1
3,50.000,10.000,5.000,0.000000,0.000000,1008.224,0.007364,14,-1,-1
4,50.000,10.000,5.000,0.000000,0.000000,1008.224,-0.002082,14,-1,-1
5,50.000,10.000,5.000,0.000000,0.000000,1008.224,-0.008518,14,-1,-1
6,50.000,10.000,5.000,0.000000,0.000000,1008.224,0.015042,14,-1,-1
7,50.000,10.000,5.000,0.000000,0.000000,,,,,
#RivID,24,#DestRiv,23,#ofNodes,3,#MannN,0.03,#GL-Bed,5,#Analysis,0,#print,0
#Node,#width[m],#widMCha[m],#depMCha[m],#LB[gl+m],#RB[gl+m],#Len[m],#Slope,#block,#LBPond,#RBPond
0,50.000,10.000,5.000,0.000000,0.000000,1260.882,0.014068,14,-1,-1
1,50.000,10.000,5.000,0.000000,0.000000,1260.882,-0.009852,14,-1,-1
2,50.000,10.000,5.000,0.000000,0.000000,,,,,
#RivID,23,#DestRiv,22,#ofNodes,2,#MannN,0.03,#GL-Bed,5,#Analysis,0,#print,0
#Node,#width[m],#widMCha[m],#depMCha[m],#LB[gl+m],#RB[gl+m],#Len[m],#Slope,#block,#LBPond,#RBPond
0,50.000,10.000,5.000,0.000000,0.000000,437.870,-0.029784,14,-1,-1
1,50.000,10.000,5.000,0.000000,0.000000,,,,,
#RivID,124,#DestRiv,55,#ofNodes,4,#MannN,0.03,#GL-Bed,5,#Analysis,0,#print,0
#Node,#width[m],#widMCha[m],#depMCha[m],#LB[gl+m],#RB[gl+m],#Len[m],#Slope,#block,#LBPond,#RBPond
0,100.000,30.000,5.000,0.000000,0.000000,1332.836,-0.002747,6,-1,-1
1,100.000,30.000,5.000,0.000000,0.000000,1332.836,0.008278,7,-1,-1
2,100.000,30.000,5.000,0.000000,0.000000,1332.836,-0.005978,7,-1,-1
3,100.000,30.000,5.000,0.000000,0.000000,,,,,
#RivID,126,#DestRiv,125,#ofNodes,11,#MannN,0.03,#GL-Bed,5,#Analysis,0,#print,0
#Node,#width[m],#widMCha[m],#depMCha[m],#LB[gl+m],#RB[gl+m],#Len[m],#Slope,#block,#LBPond,#RBPond
0,50.000,10.000,5.000,0.000000,0.000000,1096.743,-0.043003,7,-1,-1
1,50.000,10.000,5.000,0.000000,0.000000,1096.743,-0.006272,7,-1,-1
2,50.000,10.000,5.000,0.000000,0.000000,1096.743,0.017756,7,-1,-1
3,50.000,10.000,5.000,0.000000,0.000000,1096.743,0.034039,7,-1,-1
4,50.000,10.000,5.000,0.000000,0.000000,1096.743,0.063357,7,-1,-1
5,50.000,10.000,5.000,0.000000,0.000000,1096.743,-0.026946,7,-1,-1
6,50.000,10.000,5.000,0.000000,0.000000,1096.743,-0.017603,7,-1,-1
7,50.000,10.000,5.000,0.000000,0.000000,1096.743,0.112192,7,-1,-1
8,50.000,10.000,5.000,0.000000,0.000000,1096.743,-0.054967,7,-1,-1
9,50.000,10.000,5.000,0.000000,0.000000,1096.743,0.132676,7,-1,-1
10,50.000,10.000,5.000,0.000000,0.000000,,,,,
#RivID,125,#DestRiv,124,#ofNodes,6,#MannN,0.03,#GL-Bed,5,#Analysis,0,#print,0
#Node,#width[m],#widMCha[m],#depMCha[m],#LB[gl+m],#RB[gl+m],#Len[m],#Slope,#block,#LBPond,#RBPond
0,100.000,30.000,5.000,0.000000,0.000000,1080.961,0.007466,7,-1,-1
1,100.000,30.000,5.000,0.000000,0.000000,1080.961,0.003354,7,-1,-1
2,100.000,30.000,5.000,0.000000,0.000000,1080.961,0.062661,7,-1,-1
3,100.000,30.000,5.000,0.000000,0.000000,1080.961,-0.031482,7,-1,-1
4,100.000,30.000,5.000,0.000000,0.000000,1080.961,0.031792,7,-1,-1
5,100.000,30.000,5.000,0.000000,0.000000,,,,,
#RivID,45,#DestRiv,44,#ofNodes,2,#MannN,0.03,#GL-Bed,5,#Analysis,0,#print,0
#Node,#width[m],#widMCha[m],#depMCha[m],#LB[gl+m],#RB[gl+m],#Len[m],#Slope,#block,#LBPond,#RBPond
0,150.000,50.000,5.000,0.000000,0.000000,742.823,0.000000,6,-1,-1
1,150.000,50.000,5.000,0.000000,0.000000,,,,,
#RivID,159,#DestRiv,44,#ofNodes,4,#MannN,0.03,#GL-Bed,5,#Analysis,0,#print,0
#Node,#width[m],#widMCha[m],#depMCha[m],#LB[gl+m],#RB[gl+m],#Len[m],#Slope,#block,#LBPond,#RBPond
0,50.000,10.000,5.000,0.000000,0.000000,1004.106,0.003564,6,-1,-1
1,50.000,10.000,5.000,0.000000,0.000000,1004.106,-0.009382,6,-1,-1
2,50.000,10.000,5.000,0.000000,0.000000,1004.106,0.027543,6,-1,-1
3,50.000,10.000,5.000,0.000000,0.000000,,,,,
#RivID,1,#DestRiv,0,#ofNodes,2,#MannN,0.03,#GL-Bed,5,#Analysis,0,#print,0
#Node,#width[m],#widMCha[m],#depMCha[m],#LB[gl+m],#RB[gl+m],#Len[m],#Slope,#block,#LBPond,#RBPond
0,50.000,10.000,5.000,0.000000,0.000000,1005.637,0.000701,14,-1,-1
1,50.000,10.000,5.000,0.000000,0.000000,,,,,
#RivID,34,#DestRiv,33,#ofNodes,4,#MannN,0.03,#GL-Bed,5,#Analysis,0,#print,0
#Node,#width[m],#widMCha[m],#depMCha[m],#LB[gl+m],#RB[gl+m],#Len[m],#Slope,#block,#LBPond,#RBPond
0,50.000,10.000,5.000,0.000000,0.000000,1154.993,-0.005704,14,-1,-1
1,50.000,10.000,5.000,0.000000,0.000000,1154.993,0.010061,14,-1,-1
2,50.000,10.000,5.000,0.000000,0.000000,1154.993,-0.001673,14,-1,-1
3,50.000,10.000,5.000,0.000000,0.000000,,,,,
#RivID,35,#DestRiv,33,#ofNodes,9,#MannN,0.03,#GL-Bed,5,#Analysis,0,#print,0
#Node,#width[m],#widMCha[m],#depMCha[m],#LB[gl+m],#RB[gl+m],#Len[m],#Slope,#block,#LBPond,#RBPond
0,50.000,10.000,5.000,0.000000,0.000000,1095.060,0.010265,14,-1,-1
1,50.000,10.000,5.000,0.000000,0.000000,1095.060,-0.003053,14,-1,-1
2,50.000,10.000,5.000,0.000000,0.000000,1095.060,-0.000277,14,-1,-1
3,50.000,10.000,5.000,0.000000,0.000000,1095.060,-0.005626,14,-1,-1
4,50.000,10.000,5.000,0.000000,0.000000,1095.060,0.002745,14,-1,-1
5,50.000,10.000,5.000,0.000000,0.000000,1095.060,0.010415,14,-1,-1
6,50.000,10.000,5.000,0.000000,0.000000,1095.060,-0.001952,14,-1,-1
7,50.000,10.000,5.000,0.000000,0.000000,1095.060,0.011865,14,-1,-1
8,50.000,10.000,5.000,0.000000,0.000000,,,,,
#RivID,33,#DestRiv,32,#ofNodes,2,#MannN,0.03,#GL-Bed,5,#Analysis,0,#print,0
#Node,#width[m],#widMCha[m],#depMCha[m],#LB[gl+m],#RB[gl+m],#Len[m],#Slope,#block,#LBPond,#RBPond
0,50.000,10.000,5.000,0.000000,0.000000,891.284,-0.008087,14,-1,-1
1,50.000,10.000,5.000,0.000000,0.000000,,,,,
#RivID,46,#DestRiv,45,#ofNodes,5,#MannN,0.03,#GL-Bed,5,#Analysis,0,#print,0
#Node,#width[m],#widMCha[m],#depMCha[m],#LB[gl+m],#RB[gl+m],#Len[m],#Slope,#block,#LBPond,#RBPond
0,50.000,10.000,5.000,0.000000,0.000000,1087.218,-0.021102,6,-1,-1
1,50.000,10.000,5.000,0.000000,0.000000,1087.218,0.004666,6,-1,-1
2,50.000,10.000,5.000,0.000000,0.000000,1087.218,0.005218,6,-1,-1
3,50.000,10.000,5.000,0.000000,0.000000,1087.218,0.004105,6,-1,-1
4,50.000,10.000,5.000,0.000000,0.000000,,,,,
#RivID,2,#DestRiv,1,#ofNodes,2,#MannN,0.03,#GL-Bed,5,#Analysis,0,#print,0
#Node,#width[m],#widMCha[m],#depMCha[m],#LB[gl+m],#RB[gl+m],#Len[m],#Slope,#block,#LBPond,#RBPond
0,50.000,10.000,5.000,0.000000,0.000000,818.014,-0.002121,14,-1,-1
1,50.000,10.000,5.000,0.000000,0.000000,,,,,
#RivID,19,#DestRiv,0,#ofNodes,9,#MannN,0.03,#GL-Bed,5,#Analysis,0,#print,0
#Node,#width[m],#widMCha[m],#depMCha[m],#LB[gl+m],#RB[gl+m],#Len[m],#Slope,#block,#LBPond,#RBPond
0,150.000,50.000,5.000,0.000000,0.000000,1119.555,0.002033,14,-1,-1
1,150.000,50.000,5.000,0.000000,0.000000,1119.555,-0.001146,14,-1,-1
2,150.000,50.000,5.000,0.000000,0.000000,1119.555,0.005552,14,-1,-1
3,150.000,50.000,5.000,0.000000,0.000000,1119.555,-0.004857,14,-1,-1
4,150.000,50.000,5.000,0.000000,0.000000,1119.555,0.002169,14,-1,-1
5,150.000,50.000,5.000,0.000000,0.000000,1119.555,-0.001460,14,-1,-1
6,150.000,50.000,5.000,0.000000,0.000000,1119.555,-0.002927,14,-1,-1
7,150.000,50.000,5.000,0.000000,0.000000,1119.555,0.005143,14,-1,-1
8,150.000,50.000,5.000,0.000000,0.000000,,,,,
#RivID,22,#DestRiv,21,#ofNodes,3,#MannN,0.03,#GL-Bed,5,#Analysis,0,#print,0
#Node,#width[m],#widMCha[m],#depMCha[m],#LB[gl+m],#RB[gl+m],#Len[m],#Slope,#block,#LBPond,#RBPond
0,50.000,10.000,5.000,0.000000,0.000000,1119.624,0.000927,14,-1,-1
1,50.000,10.000,5.000,0.000000,0.000000,1119.624,0.002291,14,-1,-1
2,50.000,10.000,5.000,0.000000,0.000000,,,,,
#RivID,3,#DestRiv,2,#ofNodes,3,#MannN,0.03,#GL-Bed,5,#Analysis,0,#print,0
#Node,#width[m],#widMCha[m],#depMCha[m],#LB[gl+m],#RB[gl+m],#Len[m],#Slope,#block,#LBPond,#RBPond
0,50.000,10.000,5.000,0.000000,0.000000,1355.827,0.006354,14,-1,-1
1,50.000,10.000,5.000,0.000000,0.000000,1355.827,-0.006297,14,-1,-1
2,50.000,10.000,5.000,0.000000,0.000000,,,,,
#RivID,134,#DestRiv,133,#ofNodes,5,#MannN,0.03,#GL-Bed,5,#Analysis,0,#print,0
#Node,#width[m],#widMCha[m],#depMCha[m],#LB[gl+m],#RB[gl+m],#Len[m],#Slope,#block,#LBPond,#RBPond
0,50.000,10.000,5.000,0.000000,0.000000,1192.310,-0.007439,7,-1,-1
1,50.000,10.000,5.000,0.000000,0.000000,1192.310,0.022979,7,-1,-1
2,50.000,10.000,5.000,0.000000,0.000000,1192.310,0.161252,7,-1,-1
3,50.000,10.000,5.000,0.000000,0.000000,1192.310,-0.071603,7,-1,-1
4,50.000,10.000,5.000,0.000000,0.000000,,,,,
#RivID,135,#DestRiv,133,#ofNodes,6,#MannN,0.03,#GL-Bed,5,#Analysis,0,#print,0
#Node,#width[m],#widMCha[m],#depMCha[m],#LB[gl+m],#RB[gl+m],#Len[m],#Slope,#block,#LBPond,#RBPond
0,50.000,10.000,5.000,0.000000,0.000000,1096.088,0.006650,7,-1,-1
1,50.000,10.000,5.000,0.000000,0.000000,1096.088,0.015677,7,-1,-1
2,50.000,10.000,5.000,0.000000,0.000000,1096.088,0.003946,7,-1,-1
3,50.000,10.000,5.000,0.000000,0.000000,1096.088,0.032334,7,-1,-1
4,50.000,10.000,5.000,0.000000,0.000000,1096.088,0.109491,7,-1,-1
5,50.000,10.000,5.000,0.000000,0.000000,,,,,
#RivID,129,#DestRiv,128,#ofNodes,6,#MannN,0.03,#GL-Bed,5,#Analysis,0,#print,0
#Node,#width[m],#widMCha[m],#depMCha[m],#LB[gl+m],#RB[gl+m],#Len[m],#Slope,#block,#LBPond,#RBPond
0,50.000,10.000,5.000,0.000000,0.000000,1123.183,-0.041529,7,-1,-1
1,50.000,10.000,5.000,0.000000,0.000000,1123.183,0.003328,7,-1,-1
2,50.000,10.000,5.000,0.000000,0.000000,1123.183,0.047553,7,-1,-1
3,50.000,10.000,5.000,0.000000,0.000000,1123.183,0.116499,7,-1,-1
4,50.000,10.000,5.000,0.000000,0.000000,1123.183,0.099819,7,-1,-1
5,50.000,10.000,5.000,0.000000,0.000000,,,,,
#RivID,127,#DestRiv,125,#ofNodes,4,#MannN,0.03,#GL-Bed,5,#Analysis,0,#print,0
#Node,#width[m],#widMCha[m],#depMCha[m],#LB[gl+m],#RB[gl+m],#Len[m],#Slope,#block,#LBPond,#RBPond
0,50.000,10.000,5.000,0.000000,0.000000,1080.704,0.028746,7,-1,-1
1,50.000,10.000,5.000,0.000000,0.000000,1080.704,-0.079758,7,-1,-1
2,50.000,10.000,5.000,0.000000,0.000000,1080.704,0.009042,7,-1,-1
3,50.000,10.000,5.000,0.000000,0.000000,,,,,
#RivID,128,#DestRiv,127,#ofNodes,8,#MannN,0.03,#GL-Bed,5,#Analysis,0,#print,0
#Node,#width[m],#widMCha[m],#depMCha[m],#LB[gl+m],#RB[gl+m],#Len[m],#Slope,#block,#LBPond,#RBPond
0,50.000,10.000,5.000,0.000000,0.000000,1103.733,0.003304,7,-1,-1
1,50.000,10.000,5.000,0.000000,0.000000,1103.733,-0.015133,7,-1,-1
2,50.000,10.000,5.000,0.000000,0.000000,1103.733,0.030275,7,-1,-1
3,50.000,10.000,5.000,0.000000,0.000000,1103.733,0.030956,7,-1,-1
4,50.000,10.000,5.000,0.000000,0.000000,1103.733,0.012326,7,-1,-1
5,50.000,10.000,5.000,0.000000,0.000000,1103.733,0.058151,7,-1,-1
6,50.000,10.000,5.000,0.000000,0.000000,1103.733,-0.048040,7,-1,-1
7,50.000,10.000,5.000,0.000000,0.000000,,,,,
#RivID,131,#DestRiv,130,#ofNodes,2,#MannN,0.03,#GL-Bed,5,#Analysis,0,#print,0
#Node,#width[m],#widMCha[m],#depMCha[m],#LB[gl+m],#RB[gl+m],#Len[m],#Slope,#block,#LBPond,#RBPond
0,50.000,10.000,5.000,0.000000,0.000000,752.177,0.038087,7,-1,-1
1,50.000,10.000,5.000,0.000000,0.000000,,,,,
#RivID,53,#DestRiv,51,#ofNodes,7,#MannN,0.03,#GL-Bed,5,#Analysis,0,#print,0
#Node,#width[m],#widMCha[m],#depMCha[m],#LB[gl+m],#RB[gl+m],#Len[m],#Slope,#block,#LBPond,#RBPond
0,50.000,10.000,5.000,0.000000,0.000000,1158.920,-0.009227,6,-1,-1
1,50.000,10.000,5.000,0.000000,0.000000,1158.920,0.013687,6,-1,-1
2,50.000,10.000,5.000,0.000000,0.000000,1158.920,0.001586,6,-1,-1
3,50.000,10.000,5.000,0.000000,0.000000,1158.920,-0.005652,6,-1,-1
4,50.000,10.000,5.000,0.000000,0.000000,1158.920,0.014575,6,-1,-1
5,50.000,10.000,5.000,0.000000,0.000000,1158.920,0.053829,6,-1,-1
6,50.000,10.000,5.000,0.000000,0.000000,,,,,
#RivID,133,#DestRiv,132,#ofNodes,3,#MannN,0.03,#GL-Bed,5,#Analysis,0,#print,0
#Node,#width[m],#widMCha[m],#depMCha[m],#LB[gl+m],#RB[gl+m],#Len[m],#Slope,#block,#LBPond,#RBPond
0,50.000,10.000,5.000,0.000000,0.000000,1336.266,0.028703,7,-1,-1
1,50.000,10.000,5.000,0.000000,0.000000,1336.266,-0.037802,7,-1,-1
2,50.000,10.000,5.000,0.000000,0.000000,,,,,
#RivID,132,#DestRiv,131,#ofNodes,3,#MannN,0.03,#GL-Bed,5,#Analysis,0,#print,0
#Node,#width[m],#widMCha[m],#depMCha[m],#LB[gl+m],#RB[gl+m],#Len[m],#Slope,#block,#LBPond,#RBPond
0,50.000,10.000,5.000,0.000000,0.000000,1354.303,-0.004499,7,-1,-1
1,50.000,10.000,5.000,0.000000,0.000000,1354.303,0.032026,7,-1,-1
2,50.000,10.000,5.000,0.000000,0.000000,,,,,
#RivID,158,#DestRiv,54,#ofNodes,9,#MannN,0.03,#GL-Bed,5,#Analysis,0,#print,0
#Node,#width[m],#widMCha[m],#depMCha[m],#LB[gl+m],#RB[gl+m],#Len[m],#Slope,#block,#LBPond,#RBPond
0,50.000,10.000,5.000,0.000000,0.000000,1033.437,0.001419,6,-1,-1
1,50.000,10.000,5.000,0.000000,0.000000,1033.437,0.001425,6,-1,-1
2,50.000,10.000,5.000,0.000000,0.000000,1033.437,0.001996,6,-1,-1
3,50.000,10.000,5.000,0.000000,0.000000,1033.437,-0.000830,6,-1,-1
4,50.000,10.000,5.000,0.000000,0.000000,1033.437,0.029250,6,-1,-1
5,50.000,10.000,5.000,0.000000,0.000000,1033.437,0.064826,6,-1,-1
6,50.000,10.000,5.000,0.000000,0.000000,1033.437,0.060743,6,-1,-1
7,50.000,10.000,5.000,0.000000,0.000000,1033.437,0.002021,6,-1,-1
8,50.000,10.000,5.000,0.000000,0.000000,,,,,
#RivID,38,#DestRiv,37,#ofNodes,2,#MannN,0.03,#GL-Bed,5,#Analysis,0,#print,0
#Node,#width[m],#widMCha[m],#depMCha[m],#LB[gl+m],#RB[gl+m],#Len[m],#Slope,#block,#LBPond,#RBPond
0,50.000,10.000,5.000,0.000000,0.000000,1742.212,0.004491,6,-1,-1
1,50.000,10.000,5.000,0.000000,0.000000,,,,,
#RivID,37,#DestRiv,36,#ofNodes,4,#MannN,0.03,#GL-Bed,5,#Analysis,0,#print,1
#Node,#width[m],#widMCha[m],#depMCha[m],#LB[gl+m],#RB[gl+m],#Len[m],#Slope,#block,#LBPond,#RBPond
0,150.000,50.000,5.000,0.000000,0.000000,1268.965,0.005246,14,-1,-1
1,150.000,50.000,5.000,0.000000,0.000000,1268.965,-0.001461,6,-1,-1
2,150.000,50.000,5.000,0.000000,0.000000,1268.965,0.003025,6,-1,-1
3,150.000,50.000,5.000,0.000000,0.000000,,,,,
#RivID,4,#DestRiv,2,#ofNodes,5,#MannN,0.03,#GL-Bed,5,#Analysis,0,#print,0
#Node,#width[m],#widMCha[m],#depMCha[m],#LB[gl+m],#RB[gl+m],#Len[m],#Slope,#block,#LBPond,#RBPond
0,50.000,10.000,5.000,0.000000,0.000000,1178.547,0.000240,14,-1,-1
1,50.000,10.000,5.000,0.000000,0.000000,1178.547,-0.002322,14,-1,-1
2,50.000,10.000,5.000,0.000000,0.000000,1178.547,0.000268,14,-1,-1
3,50.000,10.000,5.000,0.000000,0.000000,1178.547,-0.000873,14,-1,-1
4,50.000,10.000,5.000,0.000000,0.000000,,,,,
#RivID,27,#DestRiv,21,#ofNodes,8,#MannN,0.03,#GL-Bed,5,#Analysis,0,#print,0
#Node,#width[m],#widMCha[m],#depMCha[m],#LB[gl+m],#RB[gl+m],#Len[m],#Slope,#block,#LBPond,#RBPond
0,150.000,50.000,5.000,0.000000,0.000000,1019.144,0.001748,14,-1,-1
1,150.000,50.000,5.000,0.000000,0.000000,1019.144,-0.005570,14,-1,-1
2,150.000,50.000,5.000,0.000000,0.000000,1019.144,0.005753,14,-1,-1
3,150.000,50.000,5.000,0.000000,0.000000,1019.144,0.021293,14,-1,-1
4,150.000,50.000,5.000,0.000000,0.000000,1019.144,-0.020007,14,-1,-1
5,150.000,50.000,5.000,0.000000,0.000000,1019.144,0.001170,14,-1,-1
6,150.000,50.000,5.000,0.000000,0.000000,1019.144,-0.006499,14,-1,-1
7,150.000,50.000,5.000,0.000000,0.000000,,,,,
#RivID,7,#DestRiv,6,#ofNodes,3,#MannN,0.03,#GL-Bed,5,#Analysis,0,#print,0
#Node,#width[m],#widMCha[m],#depMCha[m],#LB[gl+m],#RB[gl+m],#Len[m],#Slope,#block,#LBPond,#RBPond
0,50.000,10.000,5.000,0.000000,0.000000,1164.400,-0.001027,14,-1,-1
1,50.000,10.000,5.000,0.000000,0.000000,1164.400,-0.002329,14,-1,-1
2,50.000,10.000,5.000,0.000000,0.000000,,,,,
#RivID,6,#DestRiv,1,#ofNodes,7,#MannN,0.03,#GL-Bed,5,#Analysis,0,#print,0
#Node,#width[m],#widMCha[m],#depMCha[m],#LB[gl+m],#RB[gl+m],#Len[m],#Slope,#block,#LBPond,#RBPond
0,50.000,10.000,5.000,0.000000,0.000000,1141.279,0.001742,14,-1,-1
1,50.000,10.000,5.000,0.000000,0.000000,1141.279,-0.000566,14,-1,-1
2,50.000,10.000,5.000,0.000000,0.000000,1141.279,-0.001254,14,-1,-1
3,50.000,10.000,5.000,0.000000,0.000000,1141.279,-0.002003,14,-1,-1
4,50.000,10.000,5.000,0.000000,0.000000,1141.279,0.007318,14,-1,-1
5,50.000,10.000,5.000,0.000000,0.000000,1141.279,-0.004938,14,-1,-1
6,50.000,10.000,5.000,0.000000,0.000000,,,,,
#RivID,39,#DestRiv,38,#ofNodes,2,#MannN,0.03,#GL-Bed,5,#Analysis,0,#print,0
#Node,#width[m],#widMCha[m],#depMCha[m],#LB[gl+m],#RB[gl+m],#Len[m],#Slope,#block,#LBPond,#RBPond
0,50.000,10.000,5.000,0.000000,0.000000,698.045,0.007889,6,-1,-1
1,50.000,10.000,5.000,0.000000,0.000000,,,,,
#RivID,145,#DestRiv,144,#ofNodes,3,#MannN,0.03,#GL-Bed,5,#Analysis,0,#print,0
#Node,#width[m],#widMCha[m],#depMCha[m],#LB[gl+m],#RB[gl+m],#Len[m],#Slope,#block,#LBPond,#RBPond
0,50.000,10.000,5.000,0.000000,0.000000,1489.506,0.029817,7,-1,-1
1,50.000,10.000,5.000,0.000000,0.000000,1489.506,0.195025,7,-1,-1
2,50.000,10.000,5.000,0.000000,0.000000,,,,,
#RivID,153,#DestRiv,131,#ofNodes,3,#MannN,0.03,#GL-Bed,5,#Analysis,0,#print,0
#Node,#width[m],#widMCha[m],#depMCha[m],#LB[gl+m],#RB[gl+m],#Len[m],#Slope,#block,#LBPond,#RBPond
0,50.000,10.000,5.000,0.000000,0.000000,1096.167,-0.027420,7,-1,-1
1,50.000,10.000,5.000,0.000000,0.000000,1096.167,0.047239,7,-1,-1
2,50.000,10.000,5.000,0.000000,0.000000,,,,,
#RivID,8,#DestRiv,6,#ofNodes,2,#MannN,0.03,#GL-Bed,5,#Analysis,0,#print,0
#Node,#width[m],#widMCha[m],#depMCha[m],#LB[gl+m],#RB[gl+m],#Len[m],#Slope,#block,#LBPond,#RBPond
0,50.000,10.000,5.000,0.000000,0.000000,631.877,0.000968,14,-1,-1
1,50.000,10.000,5.000,0.000000,0.000000,,,,,
#RivID,40,#DestRiv,39,#ofNodes,2,#MannN,0.03,#GL-Bed,5,#Analysis,0,#print,0
#Node,#width[m],#widMCha[m],#depMCha[m],#LB[gl+m],#RB[gl+m],#Len[m],#Slope,#block,#LBPond,#RBPond
0,50.000,10.000,5.000,0.000000,0.000000,1227.747,0.042476,6,-1,-1
1,50.000,10.000,5.000,0.000000,0.000000,,,,,
#RivID,136,#DestRiv,132,#ofNodes,5,#MannN,0.03,#GL-Bed,5,#Analysis,0,#print,0
#Node,#width[m],#widMCha[m],#depMCha[m],#LB[gl+m],#RB[gl+m],#Len[m],#Slope,#block,#LBPond,#RBPond
0,50.000,10.000,5.000,0.000000,0.000000,1146.023,-0.044770,7,-1,-1
1,50.000,10.000,5.000,0.000000,0.000000,1146.023,0.004740,7,-1,-1
2,50.000,10.000,5.000,0.000000,0.000000,1146.023,0.098311,7,-1,-1
3,50.000,10.000,5.000,0.000000,0.000000,1146.023,-0.023047,7,-1,-1
4,50.000,10.000,5.000,0.000000,0.000000,,,,,
#RivID,146,#DestRiv,144,#ofNodes,5,#MannN,0.03,#GL-Bed,5,#Analysis,0,#print,0
#Node,#width[m],#widMCha[m],#depMCha[m],#LB[gl+m],#RB[gl+m],#Len[m],#Slope,#block,#LBPond,#RBPond
0,50.000,10.000,5.000,0.000000,0.000000,1101.732,0.094775,7,-1,-1
1,50.000,10.000,5.000,0.000000,0.000000,1101.732,0.122308,7,-1,-1
2,50.000,10.000,5.000,0.000000,0.000000,1101.732,0.035671,7,-1,-1
3,50.000,10.000,5.000,0.000000,0.000000,1101.732,0.291163,7,-1,-1
4,50.000,10.000,5.000,0.000000,0.000000,,,,,
#RivID,9,#DestRiv,8,#ofNodes,2,#MannN,0.03,#GL-Bed,5,#Analysis,0,#print,0
#Node,#width[m],#widMCha[m],#depMCha[m],#LB[gl+m],#RB[gl+m],#Len[m],#Slope,#block,#LBPond,#RBPond
0,50.000,10.000,5.000,0.000000,0.000000,542.720,-0.008495,14,-1,-1
1,50.000,10.000,5.000,0.000000,0.000000,,,,,
#RivID,161,#DestRiv,36,#ofNodes,2,#MannN,0.03,#GL-Bed,5,#Analysis,0,#print,0
#Node,#width[m],#widMCha[m],#depMCha[m],#LB[gl+m],#RB[gl+m],#Len[m],#Slope,#block,#LBPond,#RBPond
0,50.000,10.000,5.000,0.000000,0.000000,1526.443,-0.001876,14,-1,-1
1,50.000,10.000,5.000,0.000000,0.000000,,,,,
#RivID,28,#DestRiv,27,#ofNodes,3,#MannN,0.03,#GL-Bed,5,#Analysis,0,#print,0
#Node,#width[m],#widMCha[m],#depMCha[m],#LB[gl+m],#RB[gl+m],#Len[m],#Slope,#block,#LBPond,#RBPond
0,50.000,10.000,5.000,0.000000,0.000000,1370.075,0.007619,14,-1,-1
1,50.000,10.000,5.000,0.000000,0.000000,1370.075,0.003790,14,-1,-1
2,50.000,10.000,5.000,0.000000,0.000000,,,,,
#RivID,164,#DestRiv,163,#ofNodes,2,#MannN,0.03,#GL-Bed,5,#Analysis,0,#print,0
#Node,#width[m],#widMCha[m],#depMCha[m],#LB[gl+m],#RB[gl+m],#Len[m],#Slope,#block,#LBPond,#RBPond
0,50.000,10.000,5.000,0.000000,0.000000,644.070,-0.011865,14,-1,-1
1,50.000,10.000,5.000,0.000000,0.000000,,,,,
#RivID,5,#DestRiv,4,#ofNodes,3,#MannN,0.03,#GL-Bed,5,#Analysis,0,#print,0
#Node,#width[m],#widMCha[m],#depMCha[m],#LB[gl+m],#RB[gl+m],#Len[m],#Slope,#block,#LBPond,#RBPond
0,50.000,10.000,5.000,0.000000,0.000000,1290.122,0.003405,14,-1,-1
1,50.000,10.000,5.000,0.000000,0.000000,1290.122,0.004715,14,-1,-1
2,50.000,10.000,5.000,0.000000,0.000000,,,,,
#RivID,20,#DestRiv,19,#ofNodes,7,#MannN,0.03,#GL-Bed,5,#Analysis,0,#print,0
#Node,#width[m],#widMCha[m],#depMCha[m],#LB[gl+m],#RB[gl+m],#Len[m],#Slope,#block,#LBPond,#RBPond
0,50.000,10.000,5.000,0.000000,0.000000,1002.146,0.003665,14,-1,-1
1,50.000,10.000,5.000,0.000000,0.000000,1002.146,-0.005514,14,-1,-1
2,50.000,10.000,5.000,0.000000,0.000000,1002.146,-0.000014,14,-1,-1
3,50.000,10.000,5.000,0.000000,0.000000,1002.146,-0.000501,14,-1,-1
4,50.000,10.000,5.000,0.000000,0.000000,1002.146,0.012235,14,-1,-1
5,50.000,10.000,5.000,0.000000,0.000000,1002.146,0.000559,14,-1,-1
6,50.000,10.000,5.000,0.000000,0.000000,,,,,
#RivID,163,#DestRiv,162,#ofNodes,2,#MannN,0.03,#GL-Bed,5,#Analysis,0,#print,0
#Node,#width[m],#widMCha[m],#depMCha[m],#LB[gl+m],#RB[gl+m],#Len[m],#Slope,#block,#LBPond,#RBPond
0,50.000,10.000,5.000,0.000000,0.000000,1003.236,0.011505,14,-1,-1
1,50.000,10.000,5.000,0.000000,0.000000,,,,,
#RivID,162,#DestRiv,161,#ofNodes,2,#MannN,0.03,#GL-Bed,5,#Analysis,0,#print,0
#Node,#width[m],#widMCha[m],#depMCha[m],#LB[gl+m],#RB[gl+m],#Len[m],#Slope,#block,#LBPond,#RBPond
0,50.000,10.000,5.000,0.000000,0.000000,500.287,-0.000112,14,-1,-1
1,50.000,10.000,5.000,0.000000,0.000000,,,,,
#RivID,29,#DestRiv,27,#ofNodes,2,#MannN,0.03,#GL-Bed,5,#Analysis,0,#print,0
#Node,#width[m],#widMCha[m],#depMCha[m],#LB[gl+m],#RB[gl+m],#Len[m],#Slope,#block,#LBPond,#RBPond
0,50.000,10.000,5.000,0.000000,0.000000,1719.003,-0.000440,14,-1,-1
1,50.000,10.000,5.000,0.000000,0.000000,,,,,
#RivID,139,#DestRiv,138,#ofNodes,10,#MannN,0.03,#GL-Bed,5,#Analysis,0,#print,0
#Node,#width[m],#widMCha[m],#depMCha[m],#LB[gl+m],#RB[gl+m],#Len[m],#Slope,#block,#LBPond,#RBPond
0,50.000,10.000,5.000,0.000000,0.000000,1083.312,0.173033,7,-1,-1
1,50.000,10.000,5.000,0.000000,0.000000,1083.312,0.007402,7,-1,-1
2,50.000,10.000,5.000,0.000000,0.000000,1083.312,-0.112725,7,-1,-1
3,50.000,10.000,5.000,0.000000,0.000000,1083.312,0.107546,7,-1,-1
4,50.000,10.000,5.000,0.000000,0.000000,1083.312,-0.052592,7,-1,-1
5,50.000,10.000,5.000,0.000000,0.000000,1083.312,0.104602,7,-1,-1
6,50.000,10.000,5.000,0.000000,0.000000,1083.312,0.032673,7,-1,-1
7,50.000,10.000,5.000,0.000000,0.000000,1083.312,-0.056810,7,-1,-1
8,50.000,10.000,5.000,0.000000,0.000000,1083.312,0.151861,7,-1,-1
9,50.000,10.000,5.000,0.000000,0.000000,,,,,
#RivID,14,#DestRiv,6,#ofNodes,3,#MannN,0.03,#GL-Bed,5,#Analysis,0,#print,0
#Node,#width[m],#widMCha[m],#depMCha[m],#LB[gl+m],#RB[gl+m],#Len[m],#Slope,#block,#LBPond,#RBPond
0,50.000,10.000,5.000,0.000000,0.000000,1041.183,-0.001095,14,-1,-1
1,50.000,10.000,5.000,0.000000,0.000000,1041.183,-0.002053,14,-1,-1
2,50.000,10.000,5.000,0.000000,0.000000,,,,,
#RivID,138,#DestRiv,137,#ofNodes,2,#MannN,0.03,#GL-Bed,5,#Analysis,0,#print,0
#Node,#width[m],#widMCha[m],#depMCha[m],#LB[gl+m],#RB[gl+m],#Len[m],#Slope,#block,#LBPond,#RBPond
0,50.000,10.000,5.000,0.000000,0.000000,645.821,0.001702,7,-1,-1
1,50.000,10.000,5.000,0.000000,0.000000,,,,,
#RivID,137,#DestRiv,136,#ofNodes,4,#MannN,0.03,#GL-Bed,5,#Analysis,0,#print,0
#Node,#width[m],#widMCha[m],#depMCha[m],#LB[gl+m],#RB[gl+m],#Len[m],#Slope,#block,#LBPond,#RBPond
0,50.000,10.000,5.000,0.000000,0.000000,1214.599,0.068136,7,-1,-1
1,50.000,10.000,5.000,0.000000,0.000000,1214.599,-0.042632,7,-1,-1
2,50.000,10.000,5.000,0.000000,0.000000,1214.599,-0.037437,7,-1,-1
3,50.000,10.000,5.000,0.000000,0.000000,,,,,
#RivID,144,#DestRiv,143,#ofNodes,2,#MannN,0.03,#GL-Bed,5,#Analysis,0,#print,0
#Node,#width[m],#widMCha[m],#depMCha[m],#LB[gl+m],#RB[gl+m],#Len[m],#Slope,#block,#LBPond,#RBPond
0,50.000,10.000,5.000,0.000000,0.000000,1890.304,0.084013,7,-1,-1
1,50.000,10.000,5.000,0.000000,0.000000,,,,,
#RivID,143,#DestRiv,142,#ofNodes,2,#MannN,0.03,#GL-Bed,5,#Analysis,0,#print,0
#Node,#width[m],#widMCha[m],#depMCha[m],#LB[gl+m],#RB[gl+m],#Len[m],#Slope,#block,#LBPond,#RBPond
0,50.000,10.000,5.000,0.000000,0.000000,54.669,0.000000,7,-1,-1
1,50.000,10.000,5.000,0.000000,0.000000,,,,,
#RivID,142,#DestRiv,141,#ofNodes,2,#MannN,0.03,#GL-Bed,5,#Analysis,0,#print,0
#Node,#width[m],#widMCha[m],#depMCha[m],#LB[gl+m],#RB[gl+m],#Len[m],#Slope,#block,#LBPond,#RBPond
0,50.000,10.000,5.000,0.000000,0.000000,509.484,-0.018963,7,-1,-1
1,50.000,10.000,5.000,0.000000,0.000000,,,,,
#RivID,141,#DestRiv,140,#ofNodes,2,#MannN,0.03,#GL-Bed,5,#Analysis,0,#print,0
#Node,#width[m],#widMCha[m],#depMCha[m],#LB[gl+m],#RB[gl+m],#Len[m],#Slope,#block,#LBPond,#RBPond
0,50.000,10.000,5.000,0.000000,0.000000,49.513,0.000000,7,-1,-1
1,50.000,10.000,5.000,0.000000,0.000000,,,,,
#RivID,140,#DestRiv,138,#ofNodes,2,#MannN,0.03,#GL-Bed,5,#Analysis,0,#print,0
#Node,#width[m],#widMCha[m],#depMCha[m],#LB[gl+m],#RB[gl+m],#Len[m],#Slope,#block,#LBPond,#RBPond
0,50.000,10.000,5.000,0.000000,0.000000,1554.478,0.039306,7,-1,-1
1,50.000,10.000,5.000,0.000000,0.000000,,,,,
#RivID,148,#DestRiv,141,#ofNodes,2,#MannN,0.03,#GL-Bed,5,#Analysis,0,#print,0
#Node,#width[m],#widMCha[m],#depMCha[m],#LB[gl+m],#RB[gl+m],#Len[m],#Slope,#block,#LBPond,#RBPond
0,50.000,10.000,5.000,0.000000,0.000000,187.115,0.272926,7,-1,-1
1,50.000,10.000,5.000,0.000000,0.000000,,,,,
#RivID,11,#DestRiv,10,#ofNodes,2,#MannN,0.03,#GL-Bed,5,#Analysis,0,#print,0
#Node,#width[m],#widMCha[m],#depMCha[m],#LB[gl+m],#RB[gl+m],#Len[m],#Slope,#block,#LBPond,#RBPond
0,50.000,10.000,5.000,0.000000,0.000000,836.967,-0.001240,14,-1,-1
1,50.000,10.000,5.000,0.000000,0.000000,,,,,
#RivID,12,#DestRiv,11,#ofNodes,3,#MannN,0.03,#GL-Bed,5,#Analysis,0,#print,0
#Node,#width[m],#widMCha[m],#depMCha[m],#LB[gl+m],#RB[gl+m],#Len[m],#Slope,#block,#LBPond,#RBPond
0,50.000,10.000,5.000,0.000000,0.000000,1286.287,0.005008,14,-1,-1
1,50.000,10.000,5.000,0.000000,0.000000,1286.287,-0.001646,14,-1,-1
2,50.000,10.000,5.000,0.000000,0.000000,,,,,
#RivID,147,#DestRiv,143,#ofNodes,7,#MannN,0.03,#GL-Bed,5,#Analysis,0,#print,0
#Node,#width[m],#widMCha[m],#depMCha[m],#LB[gl+m],#RB[gl+m],#Len[m],#Slope,#block,#LBPond,#RBPond
0,50.000,10.000,5.000,0.000000,0.000000,1052.162,0.147683,7,-1,-1
1,50.000,10.000,5.000,0.000000,0.000000,1052.162,0.089269,7,-1,-1
2,50.000,10.000,5.000,0.000000,0.000000,1052.162,0.143912,7,-1,-1
3,50.000,10.000,5.000,0.000000,0.000000,1052.162,0.198662,7,-1,-1
4,50.000,10.000,5.000,0.000000,0.000000,1052.162,0.070189,7,-1,-1
5,50.000,10.000,5.000,0.000000,0.000000,1052.162,0.263062,7,-1,-1
6,50.000,10.000,5.000,0.000000,0.000000,,,,,
#RivID,165,#DestRiv,161,#ofNodes,2,#MannN,0.03,#GL-Bed,5,#Analysis,0,#print,0
#Node,#width[m],#widMCha[m],#depMCha[m],#LB[gl+m],#RB[gl+m],#Len[m],#Slope,#block,#LBPond,#RBPond
0,50.000,10.000,5.000,0.000000,0.000000,1669.334,0.002375,14,-1,-1
1,50.000,10.000,5.000,0.000000,0.000000,,,,,
#RivID,15,#DestRiv,14,#ofNodes,7,#MannN,0.03,#GL-Bed,5,#Analysis,0,#print,0
#Node,#width[m],#widMCha[m],#depMCha[m],#LB[gl+m],#RB[gl+m],#Len[m],#Slope,#block,#LBPond,#RBPond
0,50.000,10.000,5.000,0.000000,0.000000,1152.382,0.006387,14,-1,-1
1,50.000,10.000,5.000,0.000000,0.000000,1152.382,0.009020,14,-1,-1
2,50.000,10.000,5.000,0.000000,0.000000,1152.382,-0.000289,14,-1,-1
3,50.000,10.000,5.000,0.000000,0.000000,1152.382,-0.005425,14,-1,-1
4,50.000,10.000,5.000,0.000000,0.000000,1152.382,-0.003889,14,-1,-1
5,50.000,10.000,5.000,0.000000,0.000000,1152.382,0.006737,14,-1,-1
6,50.000,10.000,5.000,0.000000,0.000000,,,,,
#RivID,166,#DestRiv,165,#ofNodes,2,#MannN,0.03,#GL-Bed,5,#Analysis,0,#print,0
#Node,#width[m],#widMCha[m],#depMCha[m],#LB[gl+m],#RB[gl+m],#Len[m],#Slope,#block,#LBPond,#RBPond
0,50.000,10.000,5.000,0.000000,0.000000,467.134,-0.009373,14,-1,-1
1,50.000,10.000,5.000,0.000000,0.000000,,,,,
#RivID,13,#DestRiv,11,#ofNodes,2,#MannN,0.03,#GL-Bed,5,#Analysis,0,#print,0
#Node,#width[m],#widMCha[m],#depMCha[m],#LB[gl+m],#RB[gl+m],#Len[m],#Slope,#block,#LBPond,#RBPond
0,50.000,10.000,5.000,0.000000,0.000000,744.289,0.010494,14,-1,-1
1,50.000,10.000,5.000,0.000000,0.000000,,,,,
#RivID,167,#DestRiv,166,#ofNodes,2,#MannN,0.03,#GL-Bed,5,#Analysis,0,#print,0
#Node,#width[m],#widMCha[m],#depMCha[m],#LB[gl+m],#RB[gl+m],#Len[m],#Slope,#block,#LBPond,#RBPond
0,50.000,10.000,5.000,0.000000,0.000000,326.156,-0.001857,14,-1,-1
1,50.000,10.000,5.000,0.000000,0.000000,,,,,
#RivID,120,#DestRiv,119,#ofNodes,4,#MannN,0.03,#GL-Bed,5,#Analysis,0,#print,0
#Node,#width[m],#widMCha[m],#depMCha[m],#LB[gl+m],#RB[gl+m],#Len[m],#Slope,#block,#LBPond,#RBPond
0,50.000,10.000,5.000,0.000000,0.000000,1136.922,0.056462,15,-1,-1
1,50.000,10.000,5.000,0.000000,0.000000,1136.922,0.029420,15,-1,-1
2,50.000,10.000,5.000,0.000000,0.000000,1136.922,0.030701,15,-1,-1
3,50.000,10.000,5.000,0.000000,0.000000,,,,,
#RivID,119,#DestRiv,118,#ofNodes,2,#MannN,0.03,#GL-Bed,5,#Analysis,0,#print,0
#Node,#width[m],#widMCha[m],#depMCha[m],#LB[gl+m],#RB[gl+m],#Len[m],#Slope,#block,#LBPond,#RBPond
0,50.000,10.000,5.000,0.000000,0.000000,50.054,0.000000,15,-1,-1
1,50.000,10.000,5.000,0.000000,0.000000,,,,,
#RivID,152,#DestRiv,136,#ofNodes,6,#MannN,0.03,#GL-Bed,5,#Analysis,0,#print,0
#Node,#width[m],#widMCha[m],#depMCha[m],#LB[gl+m],#RB[gl+m],#Len[m],#Slope,#block,#LBPond,#RBPond
0,50.000,10.000,5.000,0.000000,0.000000,1036.428,0.156337,7,-1,-1
1,50.000,10.000,5.000,0.000000,0.000000,1036.428,-0.100829,7,-1,-1
2,50.000,10.000,5.000,0.000000,0.000000,1036.428,0.035716,7,-1,-1
3,50.000,10.000,5.000,0.000000,0.000000,1036.428,0.130352,7,-1,-1
4,50.000,10.000,5.000,0.000000,0.000000,1036.428,0.059527,7,-1,-1
5,50.000,10.000,5.000,0.000000,0.000000,,,,,
#RivID,155,#DestRiv,127,#ofNodes,9,#MannN,0.03,#GL-Bed,5,#Analysis,0,#print,0
#Node,#width[m],#widMCha[m],#depMCha[m],#LB[gl+m],#RB[gl+m],#Len[m],#Slope,#block,#LBPond,#RBPond
0,50.000,10.000,5.000,0.000000,0.000000,1087.253,0.006424,7,-1,-1
1,50.000,10.000,5.000,0.000000,0.000000,1087.253,-0.026483,7,-1,-1
2,50.000,10.000,5.000,0.000000,0.000000,1087.253,0.002802,7,-1,-1
3,50.000,10.000,5.000,0.000000,0.000000,1087.253,0.000404,7,-1,-1
4,50.000,10.000,5.000,0.000000,0.000000,1087.253,0.031254,7,-1,-1
5,50.000,10.000,5.000,0.000000,0.000000,1087.253,0.017329,7,-1,-1
6,50.000,10.000,5.000,0.000000,0.000000,1087.253,0.031189,7,-1,-1
7,50.000,10.000,5.000,0.000000,0.000000,1087.253,-0.042498,7,-1,-1
8,50.000,10.000,5.000,0.000000,0.000000,,,,,
#RivID,173,#DestRiv,166,#ofNodes,3,#MannN,0.03,#GL-Bed,5,#Analysis,0,#print,0
#Node,#width[m],#widMCha[m],#depMCha[m],#LB[gl+m],#RB[gl+m],#Len[m],#Slope,#block,#LBPond,#RBPond
0,50.000,10.000,5.000,0.000000,0.000000,1277.090,0.011513,14,-1,-1
1,50.000,10.000,5.000,0.000000,0.000000,1277.090,-0.003111,14,-1,-1
2,50.000,10.000,5.000,0.000000,0.000000,,,,,
#RivID,16,#DestRiv,14,#ofNodes,4,#MannN,0.03,#GL-Bed,5,#Analysis,0,#print,0
#Node,#width[m],#widMCha[m],#depMCha[m],#LB[gl+m],#RB[gl+m],#Len[m],#Slope,#block,#LBPond,#RBPond
0,50.000,10.000,5.000,0.000000,0.000000,1316.010,-0.000426,14,-1,-1
1,50.000,10.000,5.000,0.000000,0.000000,1316.010,-0.000169,14,-1,-1
2,50.000,10.000,5.000,0.000000,0.000000,1316.010,0.007300,14,-1,-1
3,50.000,10.000,5.000,0.000000,0.000000,,,,,
#RivID,118,#DestRiv,117,#ofNodes,4,#MannN,0.03,#GL-Bed,5,#Analysis,0,#print,0
#Node,#width[m],#widMCha[m],#depMCha[m],#LB[gl+m],#RB[gl+m],#Len[m],#Slope,#block,#LBPond,#RBPond
0,50.000,10.000,5.000,0.000000,0.000000,1012.630,0.057747,15,-1,-1
1,50.000,10.000,5.000,0.000000,0.000000,1012.630,0.062973,15,-1,-1
2,50.000,10.000,5.000,0.000000,0.000000,1012.630,0.019239,15,-1,-1
3,50.000,10.000,5.000,0.000000,0.000000,,,,,
#RivID,30,#DestRiv,29,#ofNodes,6,#MannN,0.03,#GL-Bed,5,#Analysis,0,#print,0
#Node,#width[m],#widMCha[m],#depMCha[m],#LB[gl+m],#RB[gl+m],#Len[m],#Slope,#block,#LBPond,#RBPond
0,50.000,10.000,5.000,0.000000,0.000000,1039.359,-0.002030,14,-1,-1
1,50.000,10.000,5.000,0.000000,0.000000,1039.359,0.003224,14,-1,-1
2,50.000,10.000,5.000,0.000000,0.000000,1039.359,-0.002573,14,-1,-1
3,50.000,10.000,5.000,0.000000,0.000000,1039.359,0.015848,14,-1,-1
4,50.000,10.000,5.000,0.000000,0.000000,1039.359,0.015516,14,-1,-1
5,50.000,10.000,5.000,0.000000,0.000000,,,,,
#RivID,154,#DestRiv,130,#ofNodes,8,#MannN,0.03,#GL-Bed,5,#Analysis,0,#print,0
#Node,#width[m],#widMCha[m],#depMCha[m],#LB[gl+m],#RB[gl+m],#Len[m],#Slope,#block,#LBPond,#RBPond
0,50.000,10.000,5.000,0.000000,0.000000,1111.737,0.031721,7,-1,-1
1,50.000,10.000,5.000,0.000000,0.000000,1111.737,0.116121,7,-1,-1
2,50.000,10.000,5.000,0.000000,0.000000,1111.737,0.031402,7,-1,-1
3,50.000,10.000,5.000,0.000000,0.000000,1111.737,-0.023136,7,-1,-1
4,50.000,10.000,5.000,0.000000,0.000000,1111.737,0.003321,7,-1,-1
5,50.000,10.000,5.000,0.000000,0.000000,1111.737,0.054846,7,-1,-1
6,50.000,10.000,5.000,0.000000,0.000000,1111.737,-0.019011,7,-1,-1
7,50.000,10.000,5.000,0.000000,0.000000,,,,,
#RivID,42,#DestRiv,41,#ofNodes,2,#MannN,0.03,#GL-Bed,5,#Analysis,0,#print,0
#Node,#width[m],#widMCha[m],#depMCha[m],#LB[gl+m],#RB[gl+m],#Len[m],#Slope,#block,#LBPond,#RBPond
0,50.000,10.000,5.000,0.000000,0.000000,765.016,0.019727,6,-1,-1
1,50.000,10.000,5.000,0.000000,0.000000,,,,,
#RivID,41,#DestRiv,38,#ofNodes,11,#MannN,0.03,#GL-Bed,5,#Analysis,0,#print,0
#Node,#width[m],#widMCha[m],#depMCha[m],#LB[gl+m],#RB[gl+m],#Len[m],#Slope,#block,#LBPond,#RBPond
0,50.000,10.000,5.000,0.000000,0.000000,1019.706,-0.008621,6,-1,-1
1,50.000,10.000,5.000,0.000000,0.000000,1019.706,0.018709,6,-1,-1
2,50.000,10.000,5.000,0.000000,0.000000,1019.706,-0.015459,6,-1,-1
3,50.000,10.000,5.000,0.000000,0.000000,1019.706,0.013347,6,-1,-1
4,50.000,10.000,5.000,0.000000,0.000000,1019.706,0.034651,6,-1,-1
5,50.000,10.000,5.000,0.000000,0.000000,1019.706,-0.026998,6,-1,-1
6,50.000,10.000,5.000,0.000000,0.000000,1019.706,-0.005238,6,-1,-1
7,50.000,10.000,5.000,0.000000,0.000000,1019.706,0.028827,6,-1,-1
8,50.000,10.000,5.000,0.000000,0.000000,1019.706,0.027312,6,-1,-1
9,50.000,10.000,5.000,0.000000,0.000000,1019.706,-0.004935,6,-1,-1
10,50.000,10.000,5.000,0.000000,0.000000,,,,,
#RivID,149,#DestRiv,148,#ofNodes,8,#MannN,0.03,#GL-Bed,5,#Analysis,0,#print,0
#Node,#width[m],#widMCha[m],#depMCha[m],#LB[gl+m],#RB[gl+m],#Len[m],#Slope,#block,#LBPond,#RBPond
0,50.000,10.000,5.000,0.000000,0.000000,1140.889,0.067827,7,-1,-1
1,50.000,10.000,5.000,0.000000,0.000000,1140.889,0.176004,7,-1,-1
2,50.000,10.000,5.000,0.000000,0.000000,1140.889,0.240138,7,-1,-1
3,50.000,10.000,5.000,0.000000,0.000000,1140.889,0.273225,7,-1,-1
4,50.000,10.000,5.000,0.000000,0.000000,1140.889,0.063109,7,-1,-1
5,50.000,10.000,5.000,0.000000,0.000000,1140.889,0.049373,7,-1,-1
6,50.000,10.000,5.000,0.000000,0.000000,1140.889,0.298490,7,-1,-1
7,50.000,10.000,5.000,0.000000,0.000000,,,,,
#RivID,17,#DestRiv,16,#ofNodes,2,#MannN,0.03,#GL-Bed,5,#Analysis,0,#print,0
#Node,#width[m],#widMCha[m],#depMCha[m],#LB[gl+m],#RB[gl+m],#Len[m],#Slope,#block,#LBPond,#RBPond
0,50.000,10.000,5.000,0.000000,0.000000,1364.874,0.008276,14,-1,-1
1,50.000,10.000,5.000,0.000000,0.000000,,,,,
#RivID,150,#DestRiv,148,#ofNodes,7,#MannN,0.03,#GL-Bed,5,#Analysis,0,#print,0
#Node,#width[m],#widMCha[m],#depMCha[m],#LB[gl+m],#RB[gl+m],#Len[m],#Slope,#block,#LBPond,#RBPond
0,50.000,10.000,5.000,0.000000,0.000000,1145.290,0.233940,7,-1,-1
1,50.000,10.000,5.000,0.000000,0.000000,1145.290,-0.077002,7,-1,-1
2,50.000,10.000,5.000,0.000000,0.000000,1145.290,0.234060,7,-1,-1
3,50.000,10.000,5.000,0.000000,0.000000,1145.290,0.188727,7,-1,-1
4,50.000,10.000,5.000,0.000000,0.000000,1145.290,0.319395,7,-1,-1
5,50.000,10.000,5.000,0.000000,0.000000,1145.290,0.160097,7,-1,-1
6,50.000,10.000,5.000,0.000000,0.000000,,,,,
#RivID,43,#DestRiv,41,#ofNodes,2,#MannN,0.03,#GL-Bed,5,#Analysis,0,#print,0
#Node,#width[m],#widMCha[m],#depMCha[m],#LB[gl+m],#RB[gl+m],#Len[m],#Slope,#block,#LBPond,#RBPond
0,50.000,10.000,5.000,0.000000,0.000000,1006.101,0.084105,6,-1,-1
1,50.000,10.000,5.000,0.000000,0.000000,,,,,
#RivID,121,#DestRiv,119,#ofNodes,6,#MannN,0.03,#GL-Bed,5,#Analysis,0,#print,0
#Node,#width[m],#widMCha[m],#depMCha[m],#LB[gl+m],#RB[gl+m],#Len[m],#Slope,#block,#LBPond,#RBPond
0,50.000,10.000,5.000,0.000000,0.000000,1135.803,0.034423,15,-1,-1
1,50.000,10.000,5.000,0.000000,0.000000,1135.803,0.044454,15,-1,-1
2,50.000,10.000,5.000,0.000000,0.000000,1135.803,0.021768,15,-1,-1
3,50.000,10.000,5.000,0.000000,0.000000,1135.803,0.050756,15,-1,-1
4,50.000,10.000,5.000,0.000000,0.000000,1135.803,0.162115,15,-1,-1
5,50.000,10.000,5.000,0.000000,0.000000,,,,,
#RivID,31,#DestRiv,29,#ofNodes,6,#MannN,0.03,#GL-Bed,5,#Analysis,0,#print,0
#Node,#width[m],#widMCha[m],#depMCha[m],#LB[gl+m],#RB[gl+m],#Len[m],#Slope,#block,#LBPond,#RBPond
0,50.000,10.000,5.000,0.000000,0.000000,1195.735,-0.001278,14,-1,-1
1,50.000,10.000,5.000,0.000000,0.000000,1195.735,0.001284,14,-1,-1
2,50.000,10.000,5.000,0.000000,0.000000,1195.735,0.011074,14,-1,-1
3,50.000,10.000,5.000,0.000000,0.000000,1195.735,-0.008166,14,-1,-1
4,50.000,10.000,5.000,0.000000,0.000000,1195.735,0.012455,14,-1,-1
5,50.000,10.000,5.000,0.000000,0.000000,,,,,
#RivID,18,#DestRiv,16,#ofNodes,4,#MannN,0.03,#GL-Bed,5,#Analysis,0,#print,0
#Node,#width[m],#widMCha[m],#depMCha[m],#LB[gl+m],#RB[gl+m],#Len[m],#Slope,#block,#LBPond,#RBPond
0,50.000,10.000,5.000,0.000000,0.000000,1207.490,-0.003193,14,-1,-1
1,50.000,10.000,5.000,0.000000,0.000000,1207.490,0.007880,14,-1,-1
2,50.000,10.000,5.000,0.000000,0.000000,1207.490,-0.002654,14,-1,-1
3,50.000,10.000,5.000,0.000000,0.000000,,,,,
#RivID,168,#DestRiv,167,#ofNodes,5,#MannN,0.03,#GL-Bed,5,#Analysis,0,#print,0
#Node,#width[m],#widMCha[m],#depMCha[m],#LB[gl+m],#RB[gl+m],#Len[m],#Slope,#block,#LBPond,#RBPond
0,50.000,10.000,5.000,0.000000,0.000000,1076.933,0.011692,14,-1,-1
1,50.000,10.000,5.000,0.000000,0.000000,1076.933,0.000383,14,-1,-1
2,50.000,10.000,5.000,0.000000,0.000000,1076.933,0.003322,14,-1,-1
3,50.000,10.000,5.000,0.000000,0.000000,1076.933,-0.005050,14,-1,-1
4,50.000,10.000,5.000,0.000000,0.000000,,,,,
#RivID,169,#DestRiv,167,#ofNodes,5,#MannN,0.03,#GL-Bed,5,#Analysis,0,#print,0
#Node,#width[m],#widMCha[m],#depMCha[m],#LB[gl+m],#RB[gl+m],#Len[m],#Slope,#block,#LBPond,#RBPond
0,50.000,10.000,5.000,0.000000,0.000000,1018.617,0.001425,14,-1,-1
1,50.000,10.000,5.000,0.000000,0.000000,1018.617,0.002902,14,-1,-1
2,50.000,10.000,5.000,0.000000,0.000000,1018.617,0.005316,14,-1,-1
3,50.000,10.000,5.000,0.000000,0.000000,1018.617,0.002463,14,-1,-1
4,50.000,10.000,5.000,0.000000,0.000000,,,,,
#RivID,170,#DestRiv,169,#ofNodes,2,#MannN,0.03,#GL-Bed,5,#Analysis,0,#print,0
#Node,#width[m],#widMCha[m],#depMCha[m],#LB[gl+m],#RB[gl+m],#Len[m],#Slope,#block,#LBPond,#RBPond
0,50.000,10.000,5.000,0.000000,0.000000,849.467,-0.012585,14,-1,-1
1,50.000,10.000,5.000,0.000000,0.000000,,,,,
#RivID,151,#DestRiv,137,#ofNodes,13,#MannN,0.03,#GL-Bed,5,#Analysis,0,#print,0
#Node,#width[m],#widMCha[m],#depMCha[m],#LB[gl+m],#RB[gl+m],#Len[m],#Slope,#block,#LBPond,#RBPond
0,50.000,10.000,5.000,0.000000,0.000000,1037.727,0.200324,7,-1,-1
1,50.000,10.000,5.000,0.000000,0.000000,1037.727,-0.093206,7,-1,-1
2,50.000,10.000,5.000,0.000000,0.000000,1037.727,0.073605,7,-1,-1
3,50.000,10.000,5.000,0.000000,0.000000,1037.727,0.026644,7,-1,-1
4,50.000,10.000,5.000,0.000000,0.000000,1037.727,0.114826,7,-1,-1
5,50.000,10.000,5.000,0.000000,0.000000,1037.727,0.200949,7,-1,-1
6,50.000,10.000,5.000,0.000000,0.000000,1037.727,0.043413,7,-1,-1
7,50.000,10.000,5.000,0.000000,0.000000,1037.727,0.131143,7,-1,-1
8,50.000,10.000,5.000,0.000000,0.000000,1037.727,0.042117,7,-1,-1
9,50.000,10.000,5.000,0.000000,0.000000,1037.727,0.299741,7,-1,-1
10,50.000,10.000,5.000,0.000000,0.000000,1037.727,0.059465,7,-1,-1
11,50.000,10.000,5.000,0.000000,0.000000,1037.727,0.241183,7,-1,-1
12,50.000,10.000,5.000,0.000000,0.000000,,,,,
#RivID,157,#DestRiv,124,#ofNodes,15,#MannN,0.03,#GL-Bed,5,#Analysis,0,#print,0
#Node,#width[m],#widMCha[m],#depMCha[m],#LB[gl+m],#RB[gl+m],#Len[m],#Slope,#block,#LBPond,#RBPond
0,50.000,10.000,5.000,0.000000,0.000000,1031.975,-0.004590,7,-1,-1
1,50.000,10.000,5.000,0.000000,0.000000,1031.975,0.022599,7,-1,-1
2,50.000,10.000,5.000,0.000000,0.000000,1031.975,-0.011059,7,-1,-1
3,50.000,10.000,5.000,0.000000,0.000000,1031.975,0.003589,7,-1,-1
4,50.000,10.000,5.000,0.000000,0.000000,1031.975,-0.003191,7,-1,-1
5,50.000,10.000,5.000,0.000000,0.000000,1031.975,-0.004274,7,-1,-1
6,50.000,10.000,5.000,0.000000,0.000000,1031.975,0.006423,7,-1,-1
7,50.000,10.000,5.000,0.000000,0.000000,1031.975,0.034443,7,-1,-1
8,50.000,10.000,5.000,0.000000,0.000000,1031.975,-0.030129,7,-1,-1
9,50.000,10.000,5.000,0.000000,0.000000,1031.975,0.022483,7,-1,-1
10,50.000,10.000,5.000,0.000000,0.000000,1031.975,0.004294,7,-1,-1
11,50.000,10.000,5.000,0.000000,0.000000,1031.975,0.044059,7,-1,-1
12,50.000,10.000,5.000,0.000000,0.000000,1031.975,0.021806,7,-1,-1
13,50.000,10.000,5.000,0.000000,0.000000,1031.975,0.102655,7,-1,-1
14,50.000,10.000,5.000,0.000000,0.000000,,,,,
#RivID,171,#DestRiv,170,#ofNodes,5,#MannN,0.03,#GL-Bed,5,#Analysis,0,#print,0
#Node,#width[m],#widMCha[m],#depMCha[m],#LB[gl+m],#RB[gl+m],#Len[m],#Slope,#block,#LBPond,#RBPond
0,50.000,10.000,5.000,0.000000,0.000000,1209.530,0.006672,14,-1,-1
1,50.000,10.000,5.000,0.000000,0.000000,1209.530,0.001632,14,-1,-1
2,50.000,10.000,5.000,0.000000,0.000000,1209.530,-0.000070,14,-1,-1
3,50.000,10.000,5.000,0.000000,0.000000,1209.530,0.011002,14,-1,-1
4,50.000,10.000,5.000,0.000000,0.000000,,,,,
#RivID,172,#DestRiv,170,#ofNodes,6,#MannN,0.03,#GL-Bed,5,#Analysis,0,#print,0
#Node,#width[m],#widMCha[m],#depMCha[m],#LB[gl+m],#RB[gl+m],#Len[m],#Slope,#block,#LBPond,#RBPond
0,50.000,10.000,5.000,0.000000,0.000000,1048.481,0.002918,14,-1,-1
1,50.000,10.000,5.000,0.000000,0.000000,1048.481,0.002271,14,-1,-1
2,50.000,10.000,5.000,0.000000,0.000000,1048.481,0.000777,14,-1,-1
3,50.000,10.000,5.000,0.000000,0.000000,1048.481,0.001749,14,-1,-1
4,50.000,10.000,5.000,0.000000,0.000000,1048.481,0.007666,14,-1,-1
5,50.000,10.000,5.000,0.000000,0.000000,,,,,
#RivID,10,#DestRiv,9,#ofNodes,2,#MannN,0.03,#GL-Bed,5,#Analysis,0,#print,0
#Node,#width[m],#widMCha[m],#depMCha[m],#LB[gl+m],#RB[gl+m],#Len[m],#Slope,#block,#LBPond,#RBPond
0,50.000,10.000,5.000,0.000000,0.000000,1131.919,0.001029,14,-1,-1
1,50.000,10.000,5.000,0.000000,0.000000,,,,,
#RivID,156,#DestRiv,155,#ofNodes,7,#MannN,0.03,#GL-Bed,5,#Analysis,0,#print,0
#Node,#width[m],#widMCha[m],#depMCha[m],#LB[gl+m],#RB[gl+m],#Len[m],#Slope,#block,#LBPond,#RBPond
0,50.000,10.000,5.000,0.000000,0.000000,1026.375,0.006418,7,-1,-1
1,50.000,10.000,5.000,0.000000,0.000000,1026.375,0.048987,7,-1,-1
2,50.000,10.000,5.000,0.000000,0.000000,1026.375,0.009524,7,-1,-1
3,50.000,10.000,5.000,0.000000,0.000000,1026.375,0.111117,7,-1,-1
4,50.000,10.000,5.000,0.000000,0.000000,1026.375,0.032998,7,-1,-1
5,50.000,10.000,5.000,0.000000,0.000000,1026.375,-0.065127,7,-1,-1
6,50.000,10.000,5.000,0.000000,0.000000,,,,,
#RivID,122,#DestRiv,117,#ofNodes,17,#MannN,0.03,#GL-Bed,5,#Analysis,0,#print,0
#Node,#width[m],#widMCha[m],#depMCha[m],#LB[gl+m],#RB[gl+m],#Len[m],#Slope,#block,#LBPond,#RBPond
0,50.000,10.000,5.000,0.000000,0.000000,1027.158,-0.013376,15,-1,-1
1,50.000,10.000,5.000,0.000000,0.000000,1027.158,0.021794,15,-1,-1
2,50.000,10.000,5.000,0.000000,0.000000,1027.158,0.038126,15,-1,-1
3,50.000,10.000,5.000,0.000000,0.000000,1027.158,-0.027336,15,-1,-1
4,50.000,10.000,5.000,0.000000,0.000000,1027.158,0.028037,15,-1,-1
5,50.000,10.000,5.000,0.000000,0.000000,1027.158,0.050148,15,-1,-1
6,50.000,10.000,5.000,0.000000,0.000000,1027.158,0.037116,15,-1,-1
7,50.000,10.000,5.000,0.000000,0.000000,1027.158,0.054597,15,-1,-1
8,50.000,10.000,5.000,0.000000,0.000000,1027.158,0.029021,15,-1,-1
9,50.000,10.000,5.000,0.000000,0.000000,1027.158,-0.024796,15,-1,-1
10,50.000,10.000,5.000,0.000000,0.000000,1027.158,0.002431,15,-1,-1
11,50.000,10.000,5.000,0.000000,0.000000,1027.158,0.005579,15,-1,-1
12,50.000,10.000,5.000,0.000000,0.000000,1027.158,0.001825,15,-1,-1
13,50.000,10.000,5.000,0.000000,0.000000,1027.158,0.093887,15,-1,-1
14,50.000,10.000,5.000,0.000000,0.000000,1027.158,0.097281,15,-1,-1
15,50.000,10.000,5.000,0.000000,0.000000,1027.158,0.070993,15,-1,-1
16,50.000,10.000,5.000,0.000000,0.000000,,,,,
#RivID,114,#DestRiv,113,#ofNodes,23,#MannN,0.03,#GL-Bed,5,#Analysis,0,#print,0
#Node,#width[m],#widMCha[m],#depMCha[m],#LB[gl+m],#RB[gl+m],#Len[m],#Slope,#block,#LBPond,#RBPond
0,50.000,10.000,5.000,0.000000,0.000000,1030.493,0.038260,15,-1,-1
1,50.000,10.000,5.000,0.000000,0.000000,1030.493,0.075805,15,-1,-1
2,50.000,10.000,5.000,0.000000,0.000000,1030.493,-0.017986,15,-1,-1
3,50.000,10.000,5.000,0.000000,0.000000,1030.493,0.015531,15,-1,-1
4,50.000,10.000,5.000,0.000000,0.000000,1030.493,0.025887,15,-1,-1
5,50.000,10.000,5.000,0.000000,0.000000,1030.493,0.001386,15,-1,-1
6,50.000,10.000,5.000,0.000000,0.000000,1030.493,0.049960,15,-1,-1
7,50.000,10.000,5.000,0.000000,0.000000,1030.493,0.052468,15,-1,-1
8,50.000,10.000,5.000,0.000000,0.000000,1030.493,0.098254,15,-1,-1
9,50.000,10.000,5.000,0.000000,0.000000,1030.493,0.050617,15,-1,-1
10,50.000,10.000,5.000,0.000000,0.000000,1030.493,0.167275,15,-1,-1
11,50.000,10.000,5.000,0.000000,0.000000,1030.493,0.102708,15,-1,-1
12,50.000,10.000,5.000,0.000000,0.000000,1030.493,0.059258,15,-1,-1
13,50.000,10.000,5.000,0.000000,0.000000,1030.493,0.025852,15,-1,-1
14,50.000,10.000,5.000,0.000000,0.000000,1030.493,0.053695,15,-1,-1
15,50.000,10.000,5.000,0.000000,0.000000,1030.493,0.047200,15,-1,-1
16,50.000,10.000,5.000,0.000000,0.000000,1030.493,0.011846,15,-1,-1
17,50.000,10.000,5.000,0.000000,0.000000,1030.493,0.099280,15,-1,-1
18,50.000,10.000,5.000,0.000000,0.000000,1030.493,0.004264,15,-1,-1
19,50.000,10.000,5.000,0.000000,0.000000,1030.493,0.051006,15,-1,-1
20,50.000,10.000,5.000,0.000000,0.000000,1030.493,0.009626,15,-1,-1
21,50.000,10.000,5.000,0.000000,0.000000,1030.493,0.000000,15,-1,-1
22,50.000,10.000,5.000,0.000000,0.000000,,,,,
#RivID,115,#DestRiv,114,#ofNodes,10,#MannN,0.03,#GL-Bed,5,#Analysis,0,#print,0
#Node,#width[m],#widMCha[m],#depMCha[m],#LB[gl+m],#RB[gl+m],#Len[m],#Slope,#block,#LBPond,#RBPond
0,50.000,10.000,5.000,0.000000,0.000000,1075.526,0.022124,15,-1,-1
1,50.000,10.000,5.000,0.000000,0.000000,1075.526,0.052019,15,-1,-1
2,50.000,10.000,5.000,0.000000,0.000000,1075.526,-0.003051,15,-1,-1
3,50.000,10.000,5.000,0.000000,0.000000,1075.526,0.028725,15,-1,-1
4,50.000,10.000,5.000,0.000000,0.000000,1075.526,0.007581,15,-1,-1
5,50.000,10.000,5.000,0.000000,0.000000,1075.526,0.038163,15,-1,-1
6,50.000,10.000,5.000,0.000000,0.000000,1075.526,0.014435,15,-1,-1
7,50.000,10.000,5.000,0.000000,0.000000,1075.526,0.008856,15,-1,-1
8,50.000,10.000,5.000,0.000000,0.000000,1075.526,0.027113,15,-1,-1
9,50.000,10.000,5.000,0.000000,0.000000,,,,,
#RivID,116,#DestRiv,114,#ofNodes,4,#MannN,0.03,#GL-Bed,5,#Analysis,0,#print,0
#Node,#width[m],#widMCha[m],#depMCha[m],#LB[gl+m],#RB[gl+m],#Len[m],#Slope,#block,#LBPond,#RBPond
0,50.000,10.000,5.000,0.000000,0.000000,1278.649,0.000000,15,-1,-1
1,50.000,10.000,5.000,0.000000,0.000000,1278.649,0.000000,15,-1,-1
2,50.000,10.000,5.000,0.000000,0.000000,1278.649,0.071464,15,-1,-1
3,50.000,10.000,5.000,0.000000,0.000000,,,,,
#RivID,160,#DestRiv,44,#ofNodes,2,#MannN,0.03,#GL-Bed,5,#Analysis,0,#print,0
#Node,#width[m],#widMCha[m],#depMCha[m],#LB[gl+m],#RB[gl+m],#Len[m],#Slope,#block,#LBPond,#RBPond
0,50.000,10.000,5.000,0.000000,0.000000,0.335,0.000000,6,-1,-1
1,50.000,10.000,5.000,0.000000,0.000000,,,,,
#RivID,47,#DestRiv,45,#ofNodes,4,#MannN,0.03,#GL-Bed,5,#Analysis,0,#print,0
#Node,#width[m],#widMCha[m],#depMCha[m],#LB[gl+m],#RB[gl+m],#Len[m],#Slope,#block,#LBPond,#RBPond
0,150.000,50.000,5.000,0.000000,0.000000,1230.370,-0.010811,6,-1,-1
1,150.000,50.000,5.000,0.000000,0.000000,1230.370,-0.005520,6,-1,-1
2,150.000,50.000,5.000,0.000000,0.000000,1230.370,0.004446,6,-1,-1
3,150.000,50.000,5.000,0.000000,0.000000,,,,,
#RivID,49,#DestRiv,47,#ofNodes,2,#MannN,0.03,#GL-Bed,5,#Analysis,0,#print,0
#Node,#width[m],#widMCha[m],#depMCha[m],#LB[gl+m],#RB[gl+m],#Len[m],#Slope,#block,#LBPond,#RBPond
0,150.000,50.000,5.000,0.000000,0.000000,829.547,-0.003730,6,-1,-1
1,150.000,50.000,5.000,0.000000,0.000000,,,,,
#RivID,51,#DestRiv,49,#ofNodes,5,#MannN,0.03,#GL-Bed,5,#Analysis,0,#print,0
#Node,#width[m],#widMCha[m],#depMCha[m],#LB[gl+m],#RB[gl+m],#Len[m],#Slope,#block,#LBPond,#RBPond
0,150.000,50.000,5.000,0.000000,0.000000,1243.894,0.008926,6,-1,-1
1,150.000,50.000,5.000,0.000000,0.000000,1243.894,0.002955,6,-1,-1
2,150.000,50.000,5.000,0.000000,0.000000,1243.894,-0.007533,6,-1,-1
3,150.000,50.000,5.000,0.000000,0.000000,1243.894,0.005509,6,-1,-1
4,150.000,50.000,5.000,0.000000,0.000000,,,,,
#RivID,54,#DestRiv,51,#ofNodes,4,#MannN,0.03,#GL-Bed,5,#Analysis,0,#print,0
#Node,#width[m],#widMCha[m],#depMCha[m],#LB[gl+m],#RB[gl+m],#Len[m],#Slope,#block,#LBPond,#RBPond
0,100.000,50.000,5.000,0.000000,0.000000,1166.810,0.027621,6,-1,-1
1,100.000,50.000,5.000,0.000000,0.000000,1166.810,0.000435,6,-1,-1
2,100.000,50.000,5.000,0.000000,0.000000,1166.810,-0.028957,6,-1,-1
3,100.000,50.000,5.000,0.000000,0.000000,,,,,
#RivID,44,#DestRiv,37,#ofNodes,5,#MannN,0.03,#GL-Bed,5,#Analysis,0,#print,0
#Node,#width[m],#widMCha[m],#depMCha[m],#LB[gl+m],#RB[gl+m],#Len[m],#Slope,#block,#LBPond,#RBPond
0,150.000,50.000,5.000,0.000000,0.000000,1005.115,-0.002248,6,-1,-1
1,150.000,50.000,5.000,0.000000,0.000000,1005.115,-0.003817,6,-1,-1
2,150.000,50.000,5.000,0.000000,0.000000,1005.115,0.009600,6,-1,-1
3,150.000,50.000,5.000,0.000000,0.000000,1005.115,-0.007041,6,-1,-1
4,150.000,50.000,5.000,0.000000,0.000000,,,,,
#RivID,60,#DestRiv,58,#ofNodes,5,#MannN,0.03,#GL-Bed,5,#Analysis,0,#print,0
#Node,#width[m],#widMCha[m],#depMCha[m],#LB[gl+m],#RB[gl+m],#Len[m],#Slope,#block,#LBPond,#RBPond
0,50.000,10.000,5.000,0.000000,0.000000,1177.481,-0.004982,16,-1,-1
1,50.000,10.000,5.000,0.000000,0.000000,1177.481,0.007822,16,-1,-1
2,50.000,10.000,5.000,0.000000,0.000000,1177.481,0.016762,16,-1,-1
3,50.000,10.000,5.000,0.000000,0.000000,1177.481,-0.010051,16,-1,-1
4,50.000,10.000,5.000,0.000000,0.000000,,,,,
#RivID,58,#DestRiv,56,#ofNodes,4,#MannN,0.03,#GL-Bed,5,#Analysis,0,#print,0
#Node,#width[m],#widMCha[m],#depMCha[m],#LB[gl+m],#RB[gl+m],#Len[m],#Slope,#block,#LBPond,#RBPond
0,100.000,30.000,5.000,0.000000,0.000000,1153.298,0.002261,6,-1,-1
1,100.000,30.000,5.000,0.000000,0.000000,1153.298,0.004678,16,-1,-1
2,100.000,30.000,5.000,0.000000,0.000000,1153.298,-0.000867,16,-1,-1
3,100.000,30.000,5.000,0.000000,0.000000,,,,,
#RivID,87,#DestRiv,61,#ofNodes,4,#MannN,0.03,#GL-Bed,5,#Analysis,0,#print,0
#Node,#width[m],#widMCha[m],#depMCha[m],#LB[gl+m],#RB[gl+m],#Len[m],#Slope,#block,#LBPond,#RBPond
0,50.000,10.000,5.000,0.000000,0.000000,1085.037,0.080028,16,-1,-1
1,50.000,10.000,5.000,0.000000,0.000000,1085.037,-0.037172,16,-1,-1
2,50.000,10.000,5.000,0.000000,0.000000,1085.037,-0.043457,16,-1,-1
3,50.000,10.000,5.000,0.000000,0.000000,,,,,
#RivID,92,#DestRiv,87,#ofNodes,5,#MannN,0.03,#GL-Bed,5,#Analysis,0,#print,0
#Node,#width[m],#widMCha[m],#depMCha[m],#LB[gl+m],#RB[gl+m],#Len[m],#Slope,#block,#LBPond,#RBPond
0,50.000,10.000,5.000,0.000000,0.000000,1004.124,-0.002615,16,-1,-1
1,50.000,10.000,5.000,0.000000,0.000000,1004.124,0.005232,16,-1,-1
2,50.000,10.000,5.000,0.000000,0.000000,1004.124,0.000024,16,-1,-1
3,50.000,10.000,5.000,0.000000,0.000000,1004.124,0.014968,16,-1,-1
4,50.000,10.000,5.000,0.000000,0.000000,,,,,
#RivID,102,#DestRiv,92,#ofNodes,5,#MannN,0.03,#GL-Bed,5,#Analysis,0,#print,0
#Node,#width[m],#widMCha[m],#depMCha[m],#LB[gl+m],#RB[gl+m],#Len[m],#Slope,#block,#LBPond,#RBPond
0,50.000,10.000,5.000,0.000000,0.000000,1021.560,-0.009404,16,-1,-1
1,50.000,10.000,5.000,0.000000,0.000000,1021.560,0.050498,16,-1,-1
2,50.000,10.000,5.000,0.000000,0.000000,1021.560,-0.042277,16,-1,-1
3,50.000,10.000,5.000,0.000000,0.000000,1021.560,0.044904,16,-1,-1
4,50.000,10.000,5.000,0.000000,0.000000,,,,,
#RivID,104,#DestRiv,102,#ofNodes,9,#MannN,0.03,#GL-Bed,5,#Analysis,0,#print,0
#Node,#width[m],#widMCha[m],#depMCha[m],#LB[gl+m],#RB[gl+m],#Len[m],#Slope,#block,#LBPond,#RBPond
0,50.000,10.000,5.000,0.000000,0.000000,1124.272,-0.004460,16,-1,-1
1,50.000,10.000,5.000,0.000000,0.000000,1124.272,0.000748,16,-1,-1
2,50.000,10.000,5.000,0.000000,0.000000,1124.272,0.003585,16,-1,-1
3,50.000,10.000,5.000,0.000000,0.000000,1124.272,-0.003095,16,-1,-1
4,50.000,10.000,5.000,0.000000,0.000000,1124.272,-0.029222,16,-1,-1
5,50.000,10.000,5.000,0.000000,0.000000,1124.272,0.027559,16,-1,-1
6,50.000,10.000,5.000,0.000000,0.000000,1124.272,-0.011810,16,-1,-1
7,50.000,10.000,5.000,0.000000,0.000000,1124.272,0.015412,16,-1,-1
8,50.000,10.000,5.000,0.000000,0.000000,,,,,
#RivID,108,#DestRiv,104,#ofNodes,3,#MannN,0.03,#GL-Bed,5,#Analysis,0,#print,0
#Node,#width[m],#widMCha[m],#depMCha[m],#LB[gl+m],#RB[gl+m],#Len[m],#Slope,#block,#LBPond,#RBPond
0,50.000,10.000,5.000,0.000000,0.000000,1041.270,0.047960,16,-1,-1
1,50.000,10.000,5.000,0.000000,0.000000,1041.270,-0.021866,16,-1,-1
2,50.000,10.000,5.000,0.000000,0.000000,,,,,
#RivID,21,#DestRiv,19,#ofNodes,3,#MannN,0.03,#GL-Bed,5,#Analysis,0,#print,0
#Node,#width[m],#widMCha[m],#depMCha[m],#LB[gl+m],#RB[gl+m],#Len[m],#Slope,#block,#LBPond,#RBPond
0,150.000,50.000,5.000,0.000000,0.000000,1304.545,0.000834,14,-1,-1
1,150.000,50.000,5.000,0.000000,0.000000,1304.545,-0.000029,14,-1,-1
2,150.000,50.000,5.000,0.000000,0.000000,,,,,
#RivID,36,#DestRiv,32,#ofNodes,8,#MannN,0.03,#GL-Bed,5,#Analysis,0,#print,0
#Node,#width[m],#widMCha[m],#depMCha[m],#LB[gl+m],#RB[gl+m],#Len[m],#Slope,#block,#LBPond,#RBPond
0,150.000,50.000,5.000,0.000000,0.000000,1082.948,-0.005521,14,-1,-1
1,150.000,50.000,5.000,0.000000,0.000000,1082.948,0.002683,14,-1,-1
2,150.000,50.000,5.000,0.000000,0.000000,1082.948,-0.007125,14,-1,-1
3,150.000,50.000,5.000,0.000000,0.000000,1082.948,0.009549,14,-1,-1
4,150.000,50.000,5.000,0.000000,0.000000,1082.948,-0.003628,14,-1,-1
5,150.000,50.000,5.000,0.000000,0.000000,1082.948,0.002615,14,-1,-1
6,150.000,50.000,5.000,0.000000,0.000000,1082.948,-0.005483,14,-1,-1
7,150.000,50.000,5.000,0.000000,0.000000,,,,,
#RivID,113,#DestRiv,108,#ofNodes,6,#MannN,0.03,#GL-Bed,5,#Analysis,0,#print,0
#Node,#width[m],#widMCha[m],#depMCha[m],#LB[gl+m],#RB[gl+m],#Len[m],#Slope,#block,#LBPond,#RBPond
0,50.000,10.000,5.000,0.000000,0.000000,1143.250,-0.000859,16,-1,-1
1,50.000,10.000,5.000,0.000000,0.000000,1143.250,-0.014976,16,-1,-1
2,50.000,10.000,5.000,0.000000,0.000000,1143.250,0.023528,16,-1,-1
3,50.000,10.000,5.000,0.000000,0.000000,1143.250,0.031016,15,-1,-1
4,50.000,10.000,5.000,0.000000,0.000000,1143.250,-0.049584,15,-1,-1
5,50.000,10.000,5.000,0.000000,0.000000,,,,,
#RivID,117,#DestRiv,113,#ofNodes,23,#MannN,0.03,#GL-Bed,5,#Analysis,0,#print,0
#Node,#width[m],#widMCha[m],#depMCha[m],#LB[gl+m],#RB[gl+m],#Len[m],#Slope,#block,#LBPond,#RBPond
0,50.000,10.000,5.000,0.000000,0.000000,1020.917,0.137293,15,-1,-1
1,50.000,10.000,5.000,0.000000,0.000000,1020.917,0.006246,15,-1,-1
2,50.000,10.000,5.000,0.000000,0.000000,1020.917,0.044504,15,-1,-1
3,50.000,10.000,5.000,0.000000,0.000000,1020.917,0.061831,15,-1,-1
4,50.000,10.000,5.000,0.000000,0.000000,1020.917,0.085406,15,-1,-1
5,50.000,10.000,5.000,0.000000,0.000000,1020.917,-0.043874,15,-1,-1
6,50.000,10.000,5.000,0.000000,0.000000,1020.917,0.110287,15,-1,-1
7,50.000,10.000,5.000,0.000000,0.000000,1020.917,0.136735,15,-1,-1
8,50.000,10.000,5.000,0.000000,0.000000,1020.917,0.219600,15,-1,-1
9,50.000,10.000,5.000,0.000000,0.000000,1020.917,-0.020034,15,-1,-1
10,50.000,10.000,5.000,0.000000,0.000000,1020.917,0.018260,15,-1,-1
11,50.000,10.000,5.000,0.000000,0.000000,1020.917,0.163570,15,-1,-1
12,50.000,10.000,5.000,0.000000,0.000000,1020.917,-0.092774,15,-1,-1
13,50.000,10.000,5.000,0.000000,0.000000,1020.917,0.136482,15,-1,-1
14,50.000,10.000,5.000,0.000000,0.000000,1020.917,0.049063,15,-1,-1
15,50.000,10.000,5.000,0.000000,0.000000,1020.917,0.022068,15,-1,-1
16,50.000,10.000,5.000,0.000000,0.000000,1020.917,-0.051893,15,-1,-1
17,50.000,10.000,5.000,0.000000,0.000000,1020.917,0.028860,15,-1,-1
18,50.000,10.000,5.000,0.000000,0.000000,1020.917,-0.007709,15,-1,-1
19,50.000,10.000,5.000,0.000000,0.000000,1020.917,-0.038004,15,-1,-1
20,50.000,10.000,5.000,0.000000,0.000000,1020.917,-0.002704,15,-1,-1
21,50.000,10.000,5.000,0.000000,0.000000,1020.917,0.002370,15,-1,-1
22,50.000,10.000,5.000,0.000000,0.000000,,,,,
#RivID,0,#DestRiv,-1,#ofNodes,4,#MannN,0.03,#GL-Bed,5,#Analysis,0,#print,0
#Node,#width[m],#widMCha[m],#depMCha[m],#LB[gl+m],#RB[gl+m],#Len[m],#Slope,#block,#LBPond,#RBPond
0,160.000,100.000,5.000,0.000000,0.000000,1304.216,0.002245,14,-1,-1
1,160.000,100.000,5.000,0.000000,0.000000,1304.216,0.000628,14,-1,-1
2,160.000,100.000,5.000,0.000000,0.000000,1304.216,-0.001355,14,-1,-1
3,160.000,100.000,5.000,0.000000,0.000000,,,,,
#RivID,32,#DestRiv,21,#ofNodes,5,#MannN,0.03,#GL-Bed,5,#Analysis,0,#print,0
#Node,#width[m],#widMCha[m],#depMCha[m],#LB[gl+m],#RB[gl+m],#Len[m],#Slope,#block,#LBPond,#RBPond
0,150.000,50.000,5.000,0.000000,0.000000,1215.248,-0.001117,14,-1,-1
1,150.000,50.000,5.000,0.000000,0.000000,1215.248,-0.003826,14,-1,-1
2,150.000,50.000,5.000,0.000000,0.000000,1215.248,0.004185,14,-1,-1
3,150.000,50.000,5.000,0.000000,0.000000,1215.248,0.006074,14,-1,-1
4,150.000,50.000,5.000,0.000000,0.000000,,,,,
#RivID,70,#DestRiv,68,#ofNodes,12,#MannN,0.03,#GL-Bed,5,#Analysis,0,#print,0
#Node,#width[m],#widMCha[m],#depMCha[m],#LB[gl+m],#RB[gl+m],#Len[m],#Slope,#block,#LBPond,#RBPond
0,50.000,10.000,5.000,0.000000,0.000000,1088.737,0.034957,1,-1,-1
1,50.000,10.000,5.000,0.000000,0.000000,1088.737,-0.025458,1,-1,-1
2,50.000,10.000,5.000,0.000000,0.000000,1088.737,-0.072541,1,-1,-1
3,50.000,10.000,5.000,0.000000,0.000000,1088.737,0.027825,1,-1,-1
4,50.000,10.000,5.000,0.000000,0.000000,1088.737,-0.023374,1,-1,-1
5,50.000,10.000,5.000,0.000000,0.000000,1088.737,0.114838,1,-1,-1
6,50.000,10.000,5.000,0.000000,0.000000,1088.737,-0.017423,1,-1,-1
7,50.000,10.000,5.000,0.000000,0.000000,1088.737,-0.056909,1,-1,-1
8,50.000,10.000,5.000,0.000000,0.000000,1088.737,0.106223,1,-1,-1
9,50.000,10.000,5.000,0.000000,0.000000,1088.737,-0.039512,1,-1,-1
10,50.000,10.000,5.000,0.000000,0.000000,1088.737,0.008946,1,-1,-1
11,50.000,10.000,5.000,0.000000,0.000000,,,,,
#RivID,130,#DestRiv,128,#ofNodes,2,#MannN,0.03,#GL-Bed,5,#Analysis,0,#print,0
#Node,#width[m],#widMCha[m],#depMCha[m],#LB[gl+m],#RB[gl+m],#Len[m],#Slope,#block,#LBPond,#RBPond
0,50.000,10.000,5.000,0.000000,0.000000,400.473,-0.081809,7,-1,-1
1,50.000,10.000,5.000,0.000000,0.000000,,,,,
#of_Profiles,0
#of_Threads,0
#OneTime_RProfID,#EndRivID,#TopRivID,#Offset[km]
#Number_of_Pond,0
#Number_of_RainGauges,6
#Number_of_patterns,1
pat(0):111111,1,2,3,4,5,6,7,8,9,10,11,12,13,14,15,16
Hanwella,0,0,0.520547,0,0.329114,0.320124,0,0,0,0,0,1,1,1,0,0
Holombuwa,0.730956,0,0,0,0,0,0,0.270168,0.00778083,0.821431,0,0,0,0,0,0.00405132
Glencourse,0.0477839,0.162058,0.479453,0.411205,0.670886,0.679876,0.209787,0.729832,0.115012,0.0111924,0,0,0,0,0,0.421675
Deraniyagala,0,0.564116,0,0.332275,0,0,0.648303,0,0.0536812,0,0,0,0,0,0,0.12576
Norwood,0,0.0701134,0,0,0,0,0.0194159,0,0,0,0.800132,0,0,0,0.674827,0
Kitulgala,0.22126,0.203713,0,0.25652,0,0,0.122494,0,0.823526,0.167377,0.199868,0,0,0,0.325173,0.448515

